Base,alpha,beta,gamma,delta,epsilon,zeta,chi,id,pdb_id
G,---,176.6,41.5,79.1,-158,-73.1,-179.9,0,1ddy
G,170.9,-172.4,163.9,85.3,-107,-82,174.4,0,1ddy
A,-55.2,149.6,62.8,81.3,-106.8,-54.5,-164.9,0,1ddy
A,-88.5,85.2,170.5,81.7,-120.5,-114,172.4,0,1ddy
C,121.6,-148,177.9,82.9,-147.2,-76.8,180,0,1ddy
C,-63.2,174.7,56.1,87.2,-157.1,-58.3,-173.1,0,1ddy
G,-82.8,-160.5,51.2,79.7,-155.4,-63,-158.4,0,1ddy
G,-60.4,173,48.1,79.3,-160.4,-63.7,-160.7,0,1ddy
U,-74.3,-171.3,50.5,80.6,-146.9,-69.9,-148.7,0,1ddy
G,-58,-142.1,40.4,83.6,-153.8,-58.9,-110.8,0,1ddy
C,-135.9,120.9,174.6,84.6,-81,-140.6,-118,0,1ddy
G,156.7,-153.4,69.7,-0.9,124.4,88,-170.6,0,1ddy
C,-104.4,159.9,53,79.2,-98.8,-48.1,-153,0,1ddy
A,-174.9,-154.7,62.4,155,-113.3,165,-120.7,0,1ddy
U,-82.7,-176,44.2,141.3,-80.1,118.5,-74.9,0,1ddy
A,48.2,165.6,179.9,81.7,-141.4,-77.1,170.7,0,1ddy
A,-51.2,172.5,49.4,83,-146.5,-62.2,-175,0,1ddy
C,-59.6,175.7,48.9,83.7,-146.8,-61.6,-168.2,0,1ddy
C,-65.8,168,55.9,80.8,-141.9,-70.4,-166.2,0,1ddy
A,-60.1,167.6,52.1,81.7,-157,-90.1,-165.9,0,1ddy
C,154,-133.6,161.4,81,-101.3,-138.8,176.3,0,1ddy
C,-3.8,107.1,60,136.7,-132.9,142.2,-149.4,0,1ddy
U,-51.7,163.7,59.4,72.2,130.9,-99.9,-147.8,0,1ddy
C,101.6,-160.9,58.7,149.8,-86.4,-59.5,-120.3,0,1ddy
A,-61.6,-152.2,64.3,84.2,-97.3,-138.6,-147.6,0,1ddy
G,-127.3,44.3,149.6,-59.5,104.5,196,-39.4,0,1ddy
U,117.3,-146.8,167.4,152.4,-73.4,121.8,-155.1,0,1ddy
G,-178.2,-157.3,52.4,77.3,-148.8,-54.5,-162.8,0,1ddy
C,-65.1,176.9,46.6,79.5,-170.6,44.9,-153.3,0,1ddy
G,129.9,-171,54.3,149.7,-129.7,109.4,-117.1,0,1ddy
A,76.6,-119.3,167.7,81.4,-161.1,-56.8,-168.1,0,1ddy
G,158.3,-172,177.1,79,-137.8,-74.4,177.7,0,1ddy
C,-58.2,170.6,47.4,78.7,-142.6,-66.7,-163.3,0,1ddy
A,-59.9,173.5,52.3,80.4,-153,-70.7,-152,0,1ddy
A,-66.5,176.4,50.4,70.4,---,---,-147.1,0,1ddy
G,---,---,69.1,82.8,-145,-79.5,-169.5,1,1dk1
G,-41.6,158.7,48.5,74.8,-129.3,-86.6,-176.5,1,1dk1
G,-54.4,162,43.8,77.2,-146.4,-84.3,-170.6,1,1dk1
C,-49.5,159.5,51.9,80.7,-157,-44.3,-173.8,1,1dk1
G,-153.2,138.4,165.4,78.4,-105.5,-122.3,-172.5,1,1dk1
G,48.2,-160.1,-54.8,84.6,-137.1,-78.7,-173.1,1,1dk1
C,-64.4,171.7,52.1,80.6,-142.5,-73.8,-163.6,1,1dk1
C,-62.1,172.8,49.7,79.3,-147.1,-65.2,-162.5,1,1dk1
U,-62.2,-178,41.3,79.7,-167.5,-121.8,-149.5,1,1dk1
U,171.3,-168.5,65.5,151.2,-99.3,-61.6,-136.3,1,1dk1
C,-83.4,-162.8,60.6,154,-114.7,109.9,-156.2,1,1dk1
G,49,-149.3,174.2,87.3,-138.7,-47.9,60.1,1,1dk1
G,-58.7,155.6,75.9,79.1,177.9,-65.5,-161.8,1,1dk1
G,169.3,177.9,176.5,87.7,-129.5,-60.4,-178.1,1,1dk1
C,-45.8,170.4,49.5,74.9,-168.3,-114.1,-162.5,1,1dk1
U,152.6,-105.3,175.3,84.2,-157.6,-102.5,-173.6,1,1dk1
A,175.6,177.6,149.5,-104.3,-84.5,-19.9,162,1,1dk1
G,-74.5,171.1,51.6,83.1,-160.4,-50.4,-169.5,1,1dk1
A,-90.8,-170.2,56.2,85.5,-146.6,-71,-158.3,1,1dk1
C,-68.4,161.8,61,76.6,-145.6,-77.6,-174.3,1,1dk1
G,-61.1,163.2,58.4,78.5,-149.5,-67.5,-177.3,1,1dk1
G,-68.1,-169.2,51.4,83.8,-155.1,-59.1,-160.4,1,1dk1
U,-68.8,-178.1,50.1,80.9,-156.4,-68.3,-156.6,1,1dk1
G,-55.8,171.5,41.5,75.4,-174.2,-73.9,-156.6,1,1dk1
G,150.4,-163.3,-178.4,79.4,-130.5,-88.1,-176.1,1,1dk1
G,-23.1,155.5,39.9,77,-156.6,-70.6,-166.8,1,1dk1
A,-57.7,-176.2,35.8,66.9,97.9,74.6,-150.9,1,1dk1
G,-15.9,-129.5,-88.9,146.6,-119.8,-77.6,-143.5,1,1dk1
A,55.1,-169.9,46.2,150,-108.4,-113.6,-140.3,1,1dk1
G,47.5,160.4,57,85.7,-135.8,-81.3,-171.5,1,1dk1
G,-41,150.1,48.9,76.5,-146.6,-72.4,-173.2,1,1dk1
C,-73.5,169.9,58.4,78.7,-144,-70.4,-159.1,1,1dk1
U,-55.7,165.3,51,78.6,-152,-98.3,-154.8,1,1dk1
U,-143.4,-87.3,150.3,-139,-17.9,-121.1,24.1,1,1dk1
C,-96.9,-148.7,64.1,155.4,-72.1,82.7,-155.3,1,1dk1
G,179.2,167.5,78.5,83.8,-168,-28.5,-129.9,1,1dk1
G,-159.3,143.3,164.1,77.4,110.8,46.1,-169.1,1,1dk1
C,-146.1,-177.9,65.2,78.2,-165.4,-75.6,-155.5,1,1dk1
U,147.9,-139.4,172.8,80.2,-136.1,-96.6,-171.1,1,1dk1
G,-64.3,175.1,47.3,74.4,-152.7,-66.3,-162.9,1,1dk1
G,-72.2,164.4,76.3,82.7,-155.9,-62.5,-174.2,1,1dk1
U,-70.6,-179.7,57.9,83.1,-136.4,-91.3,-166.9,1,1dk1
C,-62,159,56.3,82.1,-146.4,-90.9,-170.7,1,1dk1
C,59.9,-178.2,-79.4,102.5,-163.7,-59.2,-156,1,1dk1
A,-79,-174.8,57.3,85.1,-156.2,-80.5,-153.4,1,1dk1
C,-30.4,170.5,43.6,142,-103.7,-140,-121.9,1,1dk1
C,93.2,-63.9,-172.5,144.6,-138.1,134,-85.4,1,1dk1
C,-108.9,-170.4,46.2,83.1,-143.8,-77.3,180,1,1dk1
G,-59.3,177.1,50.4,80.3,-151.2,-75.8,-170.4,1,1dk1
U,-67.2,171.1,64.9,82.3,-141.8,-52.4,-165.5,1,1dk1
G,-74.8,171.7,76.1,153.3,-126,173.8,-116.5,1,1dk1
A,-69.6,-179.1,42.7,79,62.9,-59.9,-137.4,1,1dk1
C,136,174.5,159.9,85.8,-154.2,55.1,58.6,1,1dk1
G,-106.7,-174.1,59.7,84.5,-153.2,-73.4,-174.3,1,1dk1
C,-75.4,177.1,53.7,80.3,-160.9,-52.1,-169.1,1,1dk1
U,-73.8,-172.2,56.4,79.2,-164.6,-81.3,-157,1,1dk1
C,-177.9,179.4,158.1,110.9,---,---,-158.4,1,1dk1
G,---,---,-168.6,84.2,-147.7,-68.4,-171.8,2,2nue
G,-67.4,-177.3,47.9,80.1,-166.3,-74.3,-160.2,2,2nue
G,153.5,-152.6,-179.5,84,-140,-74.4,178.5,2,2nue
A,-74,-173.3,41.9,79.8,-149.5,-73.7,-162,2,2nue
C,-53.3,166.7,51.1,80.6,-149.1,-66.2,-162.3,2,2nue
A,-62.5,171,54.4,80.1,-163.6,-73.4,-166.2,2,2nue
A,-65,177.9,52.5,80.6,-154.3,-75.1,-160.4,2,2nue
G,-63,171.8,50.4,81.4,-149.5,-74,-158.7,2,2nue
C,-60.9,161.7,56.1,78.5,-144.9,-76,-165.7,2,2nue
G,-57.4,167.5,55.7,79.6,-147.9,-70.2,-166.6,2,2nue
C,-69.3,179.9,49.4,80.1,-153.1,-66.4,-155.9,2,2nue
A,-64.1,167.9,58.2,77.7,-162.4,-72.3,-164.6,2,2nue
A,-63.7,175.2,51.1,81.3,-150.3,-81.4,-165.1,2,2nue
G,-57.4,166.7,49.7,81.5,-147.1,-75,-164.6,2,2nue
G,-59.4,161.7,58.9,77.6,-144.1,-73.7,-171.3,2,2nue
U,-61.6,168.5,57.9,83.2,-150.8,-78.1,-164.8,2,2nue
C,-70.8,169.2,59.9,84.3,-151.2,-68.3,-157,2,2nue
A,-70.7,170.4,56.7,80.2,-153,-70.3,-161.9,2,2nue
U,-60.4,166.4,53,81.8,-149.5,-84.6,-157.1,2,2nue
U,-59.3,164.6,49.6,78.6,-149.2,-75.8,-163.9,2,2nue
C,-52.3,168.9,56.6,83.5,-140.8,-75.5,-167.2,2,2nue
G,-62.8,155.4,57.7,88.3,-165.6,-132.3,-158.2,2,2nue
C,-150.3,160.9,56.5,89,-94.4,-116.1,-150.6,2,2nue
A,-118.4,163.5,81,108.2,-74.6,-177.1,153.4,2,2nue
A,146.9,-168,159,86.8,-147.5,-18.4,-130.6,2,2nue
G,-134.5,118.7,150.9,86.7,-160.2,-58.5,-170.1,2,2nue
A,-67.8,-174,56.1,83.3,-163.7,-69.8,-164.1,2,2nue
G,161.2,-175.7,176,82.5,-143.3,-67.4,179.1,2,2nue
U,-68.1,-179.7,51.4,81.7,-150.8,-72.4,-154.4,2,2nue
G,-66.6,166.8,58.5,82.3,-160.5,-72.8,-165,2,2nue
G,-72,-173.2,50,82.1,-149.6,-70.2,-161.2,2,2nue
C,-62.4,167.4,54.8,79.9,-150.3,-78.7,-164.7,2,2nue
C,-61,173.9,52.9,83.3,-148.2,-72.7,-167.1,2,2nue
U,-65.8,170.4,54,80.8,-154.9,-72.2,-167.4,2,2nue
U,-64.5,172.6,56.4,82.2,-150.8,-78.8,-167.7,2,2nue
G,-66.5,169.2,54.7,83.2,-145.1,-81.6,-161.7,2,2nue
C,-62.2,158.3,58.2,81,-145.8,-77.2,-169.4,2,2nue
G,-58.4,169.4,51.7,82.7,-150.3,-73.1,-163.3,2,2nue
C,-69.3,171.7,53.5,81.9,-144.7,-75.5,-161.5,2,2nue
U,-63.7,168.1,53.9,80.6,-150,-75.4,-158,2,2nue
U,-60.8,165.3,57.7,82.8,-156.1,-79.5,-159.7,2,2nue
G,-67,167.5,55.9,84.1,-142.6,-82.5,-166.7,2,2nue
U,-73.7,167.8,53,81.2,-148.9,-73.3,-164.3,2,2nue
C,-58.8,166,54.9,81.6,-144.5,-84.3,-166.3,2,2nue
C,-59.5,164.1,56.1,82.3,-153,-65.4,-167.4,2,2nue
C,-71.1,179.4,53.6,76.4,---,---,-160.1,2,2nue
A,---,---,62.2,79.5,-153.4,-74.5,-165.1,3,2ozb
U,-69.8,-179.5,51.4,87.7,-150.7,-77.5,-146,3,2ozb
C,-83.8,168.2,64.6,78,-158.2,-67.2,-153.5,3,2ozb
G,-76.6,179.9,58.1,75.4,-118.3,-106.1,-166.1,3,2ozb
U,106.3,-113.5,-156.5,77.5,40.6,-172.3,175.8,3,2ozb
A,-63,-110,132.8,75.1,131.1,59.3,-146.9,3,2ozb
G,177.4,-108.8,76.7,81.2,-164.1,-66.3,-171.6,3,2ozb
C,-83.2,-168.7,64.7,83.2,-146.1,-76.2,-167.4,3,2ozb
C,-55.6,170.1,47.6,74,-163.8,-52.7,-158.7,3,2ozb
A,-101.1,-169.1,69.2,77.6,-136.7,-136.3,-165.7,3,2ozb
A,47.4,-178.1,-67.4,154.5,-146.7,85.5,59.2,3,2ozb
U,79.6,-163.8,59.5,138.7,-84.7,-52.1,-107.3,3,2ozb
G,-73.1,-150.5,66,150.8,-112.3,163.1,-114.9,3,2ozb
A,-77.8,155.3,39.6,86.1,-138,-63.7,-170.9,3,2ozb
G,-64.4,173.8,47.6,135,-176.6,-121.5,-128.7,3,2ozb
G,138.8,-159.1,-164.8,70.5,-157.4,-134.2,-176.8,3,2ozb
U,-171.1,-172.2,69,68.7,-148.4,-65.9,-164.7,3,2ozb
U,-68.6,-171.2,64.2,146.8,-116.4,-65.2,-105.7,3,2ozb
U,167,-172.2,64.7,124.7,-117.8,-120,-144.2,3,2ozb
A,-68.3,-161.7,53.8,142.5,-69.8,143,-151.3,3,2ozb
U,-68.3,-128.4,67.9,138.1,-120.5,75,-142.1,3,2ozb
C,-150.7,168.1,72.7,67.9,-176.2,-60.6,-159.3,3,2ozb
C,-70.3,173.8,59.5,73.9,-154.3,-53.1,-164.1,3,2ozb
G,-82.3,-165,65.5,149.9,-113.6,160.4,-110.3,3,2ozb
A,-81.5,173.7,47.2,148.6,-74.2,98.2,-133.9,3,2ozb
G,79.3,-122.6,-172.5,91.5,-134.8,-84.3,-174.8,3,2ozb
G,-69.3,159.9,66.2,80.5,-139.6,-76.6,-177.8,3,2ozb
C,-63.5,177.5,57.9,83.8,-148.1,-64.9,-169.9,3,2ozb
G,-73.3,175,56.9,89.9,-145.5,-62.8,-163.9,3,2ozb
C,-76.2,168.8,62.4,76.6,-135.6,-81.4,-162.7,3,2ozb
G,-73.4,166.5,59.1,79.9,-135.1,-85.6,-165.1,3,2ozb
A,-66.2,146.6,72.3,79.9,-155.8,-61.5,-173.1,3,2ozb
U,-99.5,-153.9,67.2,85.4,---,---,-140,3,2ozb
G,---,130.1,67.9,84,-160.9,-88,-177,4,3iab
G,170.6,-150.5,155.2,76.4,-129.6,-80.8,179.3,4,3iab
A,-50.2,167.5,42.6,78.4,-160.2,-82.4,-159.8,4,3iab
C,144.3,-147.7,-168.2,82.3,-145.3,-78.8,-176,4,3iab
U,-62.1,-174.3,44.1,80.7,-160.7,-59.6,-163.7,4,3iab
C,-73.1,-179.3,58.1,83.7,-137.6,-77.9,-165.4,4,3iab
A,-43.2,-145.9,46.1,128.9,-147.3,-74.8,-81.1,4,3iab
G,-109.5,-160.6,90,-89.4,-108.6,19.2,-38.1,4,3iab
U,-26.6,-146.7,41.1,129.1,-93.3,175.5,-111.3,4,3iab
A,48.7,-162.5,48.9,138,-104.9,-22.3,-114.1,4,3iab
A,-112,140.9,-163.3,129.7,-71.4,-51.9,-110.5,4,3iab
U,129.1,173.8,174.5,134.3,-60.6,-94.7,-101.8,4,3iab
A,-54.5,-132.1,58,141.7,-111.8,98,-114,4,3iab
U,49.6,173.7,-88.6,80.6,63.7,-104.7,-146.5,4,3iab
G,162.6,-119.9,164.5,82.7,-129.9,-73.1,177.8,4,3iab
C,-63.5,166.9,57.5,80.7,-148.2,-88.4,-153.4,4,3iab
U,-60.9,163,55.3,82.1,-140,-78.8,-151.9,4,3iab
U,-64.2,160,55.3,81.8,-147.3,-64.4,-157.6,4,3iab
U,-64.3,178.8,53.6,78.9,-152.8,-85.6,-155.1,4,3iab
G,-49.8,177.4,36.7,80.4,-154.7,-61.7,-158.4,4,3iab
G,-68,-173.5,41.4,80.6,-146.1,-66.8,-150.6,4,3iab
A,175.6,150,56.1,86.7,-145.2,-63.7,-161.5,4,3iab
A,-70.5,165.5,59.6,86.1,-164.2,-58.9,-156.1,4,3iab
A,-76.1,-177.8,52.3,83.7,-124.4,-68.6,-164.1,4,3iab
C,-39.2,140.3,68.2,85.5,179.8,-61.6,-176,4,3iab
G,163.1,178.2,177.7,83.9,-152.5,-58.4,173.5,4,3iab
A,-72.6,-164.9,47.4,83.7,-152.9,-71.2,-161,4,3iab
A,-62.2,174.8,48.9,79.3,-146.6,-75.1,-151.9,4,3iab
G,-61.7,155.3,65.6,78,-161.8,-69.3,-159.6,4,3iab
C,-60.6,-177.6,48.2,80.4,-156.5,80,-154.7,4,3iab
U,67.5,84.1,-177.6,83.5,-152.1,-49.7,58.3,4,3iab
U,-100.6,122.9,169.1,134.1,-110,148.7,-129.5,4,3iab
A,-65.8,178.9,58.2,92.3,-134.6,-75.1,-137.5,4,3iab
C,-64.4,-157.5,55.4,83.8,-162.6,-103.1,-164.1,4,3iab
A,-178.4,53.4,141.5,-65.2,-171.4,106.2,-43.4,4,3iab
A,98,-98,-70.6,100.9,59.5,127,-102.7,4,3iab
A,-121.8,-132.9,73.8,141.1,-112.2,76.5,-137.8,4,3iab
A,53.9,148.8,45.5,143.3,-68.3,171.4,-117.6,4,3iab
U,27.2,-163.5,52.5,86.7,-159.1,78.8,-171.6,4,3iab
G,-94.7,-131.2,148,138.7,-137,72.6,-154.8,4,3iab
G,65.1,143,-49.8,85.1,-150.1,-79.5,-173.1,4,3iab
A,-49.7,168.8,43.3,80.9,-155.6,-74.2,-165.4,4,3iab
G,157.4,-165.8,172.4,84.9,-152.7,-70.7,178.5,4,3iab
U,-63.9,-179.1,53.7,83.3,-154.1,-72.3,-163,4,3iab
C,-69,176.9,51.8,82.1,-157.5,-68.7,-159.4,4,3iab
C,-67.4,-176.3,53.3,78,---,---,-152.6,4,3iab
G,---,---,148.1,94.5,-121.1,-80.1,177.5,5,3lwo
G,-73.5,172.5,59.9,84.9,-140.1,-86.5,-164.7,5,3lwo
G,-60.3,163.5,49.4,81,-140.4,-83.8,-162.5,5,3lwo
C,-40.8,159.8,45.7,79.9,-155.4,-67.6,-162.2,5,3lwo
C,-74.2,-178.1,57.4,81.1,-151.9,-78.1,-161.9,5,3lwo
A,-56,174.3,44.5,81.1,-144.5,-86.4,-161.2,5,3lwo
C,-33.9,159.6,37.3,78.9,-163.6,-55.8,-150.5,5,3lwo
G,-84.1,-170.9,60.3,76.1,-153.2,-61.7,-158.1,5,3lwo
G,-64.9,-170.4,42.6,76.6,-139.7,133,-147.9,5,3lwo
A,-76,143.3,93.9,76.9,-146.4,-87.3,-151.9,5,3lwo
A,-56.4,158,56.3,79.9,-149.5,-71.1,-171,5,3lwo
A,-56.1,174.6,45.6,77,-160.6,-95.9,-160.6,5,3lwo
C,160.2,-142.8,163.8,76.7,-107.2,-87.2,-175.9,5,3lwo
C,-32.1,164.6,36.9,77.5,-152,-75.8,-165.4,5,3lwo
G,-53.1,168.4,55.2,78.4,-144,-88.1,-175.6,5,3lwo
C,-61.8,171.4,59.4,78.2,-155,-38.2,-168.4,5,3lwo
G,-84.6,-165.4,53.9,81.4,-151.8,-56.5,-161.5,5,3lwo
C,-78.9,172.9,69.8,79,-131,-73.4,-161.6,5,3lwo
G,-83.9,133.1,99,79.7,-118.3,-95.3,177.5,5,3lwo
C,-62.7,163.3,49.6,78.2,-142,-80.3,-148.3,5,3lwo
G,-51.4,173.5,44.9,82.4,-138.5,-67.8,-162.8,5,3lwo
G,-66,-176.6,47.7,80.1,-153.6,-56.8,-158.1,5,3lwo
U,-73.4,174.1,58.3,79.6,-125.5,-83.4,-158.2,5,3lwo
G,-32.9,146.5,53.3,87.1,149.2,-99.3,-130.9,5,3lwo
A,-41.1,176.1,63.1,148,-154.8,-65.9,-157.6,5,3lwo
U,-136.3,-164.1,-164.9,142.6,-129.1,-118.7,-99.8,5,3lwo
C,-82.7,-38.1,146.9,-136.7,164.1,59.2,-27.9,5,3lwo
A,77.4,132.6,63.8,147.6,-91.7,-115.1,-113.3,5,3lwo
A,61.8,151.3,-63.3,155.3,-123.2,67.6,64.7,5,3lwo
U,75.3,178.8,54.5,148.8,-61.3,-60.8,-105.4,5,3lwo
G,-49.1,-168.3,48.9,144.5,-140.6,157.8,-111.5,5,3lwo
A,16.4,172.8,-47.4,121.6,-147.2,-61.7,-162.6,5,3lwo
G,-82.4,175.6,57.7,110,-156.7,-84,-148.3,5,3lwo
C,-73.7,172.4,54.6,77.1,-135.9,-86.7,-151.5,5,3lwo
C,-46.1,159.8,49.2,76.8,-137.8,-84.6,-174,5,3lwo
G,-51.9,160.7,51,77.1,-146.5,-76.6,-169.1,5,3lwo
C,-49.2,168.5,49.2,77.1,-168.6,-86.2,-156.1,5,3lwo
G,151,-149.8,-179.4,84.4,-100.6,-101.8,176.9,5,3lwo
U,-20.8,139.8,34.1,77.4,-154,-106.9,-148.1,5,3lwo
U,-71.2,-148.9,46.8,95.6,90.3,-60.8,-130.4,5,3lwo
C,-91.9,-146.9,93.5,95.7,-147.5,-94.4,-166.8,5,3lwo
G,131.3,-139.5,-165.4,78.9,-142.6,-88.5,-177.6,5,3lwo
C,-44.4,165.7,41.7,79.1,-160.3,-63.4,-163.6,5,3lwo
U,-65.9,-173.6,53.4,79.6,-158.4,-66.9,-165.5,5,3lwo
C,-167,-175.8,138.2,77.2,-101,-96.3,179,5,3lwo
C,-32.1,148.4,41.4,77.1,-144.6,-77.9,-159.5,5,3lwo
C,-55.8,171.7,51.2,80.2,-143.4,-72.1,-161.7,5,3lwo
G,-73.6,173.1,59,79.4,-162.9,-65,-170.7,5,3lwo
U,-82.9,-169.2,52.4,79.1,-149,-71.7,-154.5,5,3lwo
G,-61.1,164.4,60.6,82.3,-152.4,-74.8,-171.7,5,3lwo
G,-72.1,175.3,66.5,82.3,-150.5,-75.6,-168.3,5,3lwo
C,-52,175.8,44.8,79.9,-169.3,-67.6,-160.1,5,3lwo
C,176,-164.2,150.4,81.2,-135.7,-74.9,-174,5,3lwo
C,-64.2,167.3,63.7,84.7,-83.1,104.5,-161.3,5,3lwo
A,53.6,-153.1,168.4,94.9,-93.6,-107.2,73.2,5,3lwo
C,-61.6,-142.8,61.3,112.7,-153.1,130.4,-144.3,5,3lwo
A,42.9,-156.3,-159.2,143.8,-91.6,89.3,93.3,5,3lwo
A,172.1,55.3,144.3,---,---,---,101,5,3lwo
G,---,---,154.9,91.8,-121.1,-82.6,174.5,5,3lwo
A,-61,178.5,40,81,-169.8,-54,-152.6,5,3lwo
G,161.8,-178.4,167.9,85.9,-136.4,-69.7,-177.3,5,3lwo
C,-60.6,173.5,60,84,-136.9,-85,-158.9,5,3lwo
G,-45.4,163.4,44.1,107.9,-163.6,-0.6,-126.6,5,3lwo
5BU,-100.3,159.9,-173.4,152.8,-97.9,-89.5,-144,5,3lwo
G,-47.6,-169.2,-34.9,146.7,-88.5,95,-114.4,5,3lwo
C,82.7,-97.7,-155.5,105.1,-135.6,-86.2,-170.9,5,3lwo
G,-63.2,175.7,45.2,77.4,-153.3,-73.4,-168.4,5,3lwo
G,-53.8,-178.9,45.3,76.9,-164.1,-85.5,-165.4,5,3lwo
U,166.2,-149.8,169.6,81,-85.5,-140.6,173.9,5,3lwo
U,103.5,-105.8,175.9,80.8,-91.2,-119,-177.5,5,3lwo
U,-100.6,-176.4,62.7,85.1,---,---,175.6,5,3lwo
DG,---,---,-176.5,82.4,-142.4,-86.2,165.9,6,3nkb
DG,175.9,-158.5,159.9,89.1,-124.5,-91.9,179.5,6,3nkb
C,-56.7,150.6,59.7,81.7,-142,-86.2,-172.8,6,3nkb
U,-62.8,173.8,53.2,82.6,-149.6,-75.8,-168.1,6,3nkb
U,-61.1,179.1,45.9,81.1,-149.6,-77.6,-159.7,6,3nkb
G,-75,167.1,67.5,80.8,-146.3,-70.4,-163.9,6,3nkb
C,-62.1,170.4,54.8,78,-147.6,-69.1,-159.7,6,3nkb
A,-56.3,172.1,56.3,80.2,---,---,-159.3,6,3nkb
G,---,166.1,54.9,83.6,-145.8,-76.1,-177.1,6,3nkb
G,-63.2,-179.9,49.5,85.2,-147.8,-73.7,-165.4,6,3nkb
U,-66.1,173.9,55.2,82.7,-149.9,-73.4,-156.1,6,3nkb
C,-65.5,167.9,56.8,81.2,-153.1,-68.9,-154.3,6,3nkb
C,-63,173.9,52.2,79.5,-152.5,-70.8,-164,6,3nkb
G,-64,177.8,51.6,80.7,-154,-71.9,-159.5,6,3nkb
C,-68.4,172.9,57.2,80.3,-144.8,-79.3,-159.7,6,3nkb
A,-64.4,166.4,54.3,79.8,-146.5,-72.6,-159.8,6,3nkb
G,-61.7,167.3,56.9,78,-145.9,-67.5,-165.8,6,3nkb
C,-63.2,167.4,67.9,79.2,-155.3,-73.3,-160,6,3nkb
C,-57.8,-176.6,51.7,81.5,-153.6,-68.1,-153.9,6,3nkb
U,-64.4,-176.8,51.5,136.8,-91.6,-147.9,-116.5,6,3nkb
C,70.3,-167.8,60.8,83.9,-135.2,-63.9,-161.8,6,3nkb
C,-60.6,-172.7,46.9,136.7,-145.3,80,-125,6,3nkb
U,15.4,159,44.5,149.5,-90.4,-74.5,-126.9,6,3nkb
C,-50.5,-134.9,64.2,146.4,-98.8,74.9,-134.8,6,3nkb
G,77.7,-169.6,-178,149.1,-108,-104.2,74.2,6,3nkb
C,57.1,-157.6,75.9,150.8,-120.9,-38.6,-126.7,6,3nkb
G,-76.5,-135.3,63.7,84.1,-139.6,-72.8,-175,6,3nkb
G,-66.8,163.4,63.8,81.1,-149.1,-76,-170.9,6,3nkb
C,-63,177.6,54.3,82.8,-148.3,-121.4,-154.3,6,3nkb
G,-56.8,-149.5,178.3,84.2,-143.6,-75.2,-179.5,6,3nkb
C,-69.9,-175.2,46.6,80.4,-150.1,-71.2,-159.9,6,3nkb
A,-61.7,177.5,46.6,77.3,-152.7,-69.8,-153.4,6,3nkb
A,-65.9,172.3,53.3,77.7,-155.5,-70.9,-162.2,6,3nkb
G,-59,-179.9,47,77.7,-147.5,-74.1,-160.7,6,3nkb
C,-61.9,164.7,61.9,79.3,-141.7,-71.5,-156.8,6,3nkb
U,-59.5,166.2,58.5,79.6,-161.1,-88.5,-166.8,6,3nkb
G,-59.7,-169.6,49.6,78,-147,-64.1,-176.8,6,3nkb
G,-65.6,-170.1,52.9,77.3,-145.4,-72.9,-164.6,6,3nkb
G,-65.7,168.3,57.7,78.1,-130.7,-68.2,-158.4,6,3nkb
C,-93.8,87.4,171.2,148.2,-85.3,153.7,-150.3,6,3nkb
A,161.2,-155.7,51.6,82.1,-152,-76.6,-167.8,6,3nkb
A,-55.8,166.2,54.7,83.4,-137.3,-69.9,-163.8,6,3nkb
C,-62,170.6,51.5,78.1,-149,-77.1,-156.2,6,3nkb
A,-58.4,177.9,43.8,80.2,-149.5,-72.6,-155.6,6,3nkb
U,-66.4,168.4,53.9,77.9,-143.3,-82.2,-159.2,6,3nkb
U,-53.1,160.2,59.4,81.6,-147,-64.9,-163.8,6,3nkb
C,-65.5,175.6,53.2,80.2,-137.8,-75.3,-157.7,6,3nkb
C,-69.8,171.6,52.5,78.4,-137.3,-73.5,-155.6,6,3nkb
G,-72.4,-177.8,46.5,78.9,-138.5,-58.9,-158.1,6,3nkb
A,166,143.1,50.3,90.3,-133.9,-73.3,178.7,6,3nkb
A,-67.4,165.7,60,85.1,-155.5,-70.1,-149.7,6,3nkb
A,-67.5,171,54.2,80.7,-132.7,-64.8,-140.5,6,3nkb
G,144.1,-125,-173.7,82.8,-143,-74.7,-179.8,6,3nkb
G,-59.3,178,53.7,83.8,-129.9,-68.5,-162.1,6,3nkb
U,-50,160.8,59.7,147,-81.8,100.4,-120.5,6,3nkb
A,172,-126.4,62.7,82.5,-153.7,-74.6,-172.7,6,3nkb
A,-64.4,177.8,55.1,81.8,-148.8,-75.3,-158.2,6,3nkb
U,-59.2,169.5,50.3,77.7,-151.6,-67.9,-157.7,6,3nkb
G,-60.8,177.8,56.2,81.4,-150.7,-85.4,-154.9,6,3nkb
G,-56.8,177.1,53.9,151.9,-113.2,-60.8,-106.9,6,3nkb
C,-71.3,167.8,-69.2,151.1,-130.8,102.1,-118.4,6,3nkb
G,61.2,-179.9,46.9,150.2,-80.3,-49,-86,6,3nkb
A,-68.4,-142.4,60.6,89,-131.6,-84.7,-140.2,6,3nkb
A,-65.9,159.5,53.1,84.1,-141.9,-59.8,-125,6,3nkb
U,164.6,93.6,170.1,148.1,-131.8,-157.8,-83.6,6,3nkb
G,59.2,-134.3,-153.7,79.7,-139.2,-79.9,-164.1,6,3nkb
C,-52.6,165.2,51.2,78.5,-146.6,-75.1,-161,6,3nkb
G,-65.4,168.4,60.8,79.9,-157.6,-72.2,-165.9,6,3nkb
G,-73.4,176.6,62.2,82.8,-149.7,-73.3,-162.5,6,3nkb
A,-65.1,169.6,56.8,81.8,-149,-68.3,-154.8,6,3nkb
C,-62.8,169.7,55.5,79.8,-150.9,-70.1,-153.8,6,3nkb
C,-68.1,-179.5,53.8,79,---,---,-147.1,6,3nkb
G,---,-101.2,171.2,85.1,-149.4,-71.8,-148.8,7,3nmu
C,-73.4,166.1,65.5,83.9,-143.9,-65.5,-152.5,7,3nmu
C,-53.3,164.4,55.7,77,-142.5,-79.8,-128.1,7,3nmu
G,-68,152.9,78,79.3,-131.8,-95.2,-170.7,7,3nmu
U,-89.8,161.2,53.8,69.4,-143.5,-57.7,-165.2,7,3nmu
U,-52.1,169.5,80.8,79.8,-129.1,-93.8,-138.5,7,3nmu
G,-52.4,154.5,40.7,73.8,-121.7,-105,-131,7,3nmu
A,-81.5,121.7,87.2,77,-129.3,-69.9,-152.8,7,3nmu
A,-68.3,166.8,64.5,81.9,-127.1,-79,-161,7,3nmu
G,-91.5,165.4,82.2,80.5,-153.6,-65.9,-162,7,3nmu
C,-105,167.2,79.3,68,47.1,128.6,-168.1,7,3nmu
U,27.5,-119.2,-160.2,80.5,-106.1,-157.3,-178.2,7,3nmu
C,26.3,81.9,171.1,80,-123,-75.6,-173.8,7,3nmu
U,-47.2,162.1,56.6,76.6,-141.3,-53.3,-163.7,7,3nmu
G,-68.4,-159.5,60.6,148.6,-142.5,167.6,-100.1,7,3nmu
A,-53.5,159.9,35.2,147.8,-52.2,87.2,-127.1,7,3nmu
C,94.7,-137.4,-175.8,84,-163.6,-75.7,167.4,7,3nmu
C,-158.8,-164.2,127.7,77.5,-90.7,-46.5,-178,7,3nmu
G,-105.8,77.9,159.9,94.5,-70.1,-95.3,173.8,7,3nmu
A,138.2,-167.9,55,93.1,-161.7,-62.2,-176.8,7,3nmu
A,-171.8,-165.8,138.3,90.9,-160.1,-49.3,-168,7,3nmu
A,-80.7,-167.4,48.3,84.8,-131.5,-82.2,-154.5,7,3nmu
G,128.7,-129.2,-168.7,86.7,-139.3,-73.3,-177.6,7,3nmu
G,-56.3,170.7,53,79.8,-142.2,-59.5,-174.1,7,3nmu
C,-61.6,-175,44.5,81.4,-136.2,-128,-158,7,3nmu
G,44.4,-177,-72.9,150,-108.5,77.1,53.8,7,3nmu
U,141.7,159.7,7.3,152.2,-61.8,-98.8,-48.3,7,3nmu
G,17.3,147,24.3,149.1,-134.9,166.9,-109,7,3nmu
A,-82.7,165.1,43.4,81.1,-140.4,-54.7,-178.4,7,3nmu
U,-78.2,-176.5,57.2,79.6,-145.2,-87.7,-159.1,7,3nmu
G,-43,162.6,44.2,82.9,-140,-60.6,-157.8,7,3nmu
A,176.7,47,73.5,-156.9,-122.2,-34.7,41,7,3nmu
G,67.6,138.6,-158.2,147.3,-93.6,-120.1,-92.4,7,3nmu
C,-15.8,175.9,144.2,81.7,---,---,-163.6,7,3nmu
G,---,-53.8,155.5,-97.1,-63,-34,130,7,3nmu
A,171.2,60.9,88.7,-131.8,-66.4,-65.4,162.3,7,3nmu
G,-64.3,172.2,57,84.1,-134.3,-91,-175.7,7,3nmu
C,-84.2,156.8,77.1,80.2,-148.8,-68.9,-169.8,7,3nmu
U,-55,-173.3,38.1,78.9,-127,-72.6,-170.1,7,3nmu
U,-67.9,145.3,85.4,77.1,-122.3,-87.1,-168,7,3nmu
C,-107,168.5,85.4,86.1,-160.2,-110.2,-127.9,7,3nmu
A,-167.9,145.1,86.7,-123.7,-68.9,-54.8,160.7,7,3nmu
A,-81.8,-173.8,59.6,84.7,-149.3,-78.2,-157.8,7,3nmu
C,160.5,58.9,79.3,-137.1,-80,-57,162.8,7,3nmu
G,-82.2,-172.8,62.1,80.1,-134.7,-80.2,-158.4,7,3nmu
G,-62,148.8,80.9,86.7,-145.7,-87.5,-162.3,7,3nmu
C,-93.8,177.8,67.4,80,---,---,-152,7,3nmu
SAM,---,---,---,109.7,---,---,-97.4,7,3nmu
GTP,---,---,45.5,84.5,-152.2,-78.2,-173.6,8,3p22
G,-67.3,178.4,57.6,79.4,-152,-67.4,-167.3,8,3p22
C,-58.8,174.3,49,85.8,-155.4,-64.8,-158.9,8,3p22
U,-80.1,179.9,58.7,75.2,-156.9,-63.3,-161.2,8,3p22
G,-82.1,175.7,65.9,76.8,-151.7,-71.9,-166.2,8,3p22
G,-71.8,168.6,60.9,78.9,-147.9,-68.2,-168.9,8,3p22
G,-80.4,165.6,80.4,78.6,-153.2,-80.8,-175,8,3p22
U,-63,-178.6,48.9,83.2,-151.1,-69.9,-156,8,3p22
U,-70.9,171.3,59.5,77.6,-143.5,-74.7,-159.5,8,3p22
U,-63.6,160.7,64.6,74.8,-127.6,-87.7,-163.6,8,3p22
U,-71.7,146.1,72,80.2,-138.5,-82.7,-162.5,8,3p22
U,-67.3,160.6,58.6,77.7,-152.1,-54.3,-170.3,8,3p22
C,-74.2,-173,51.5,83.3,-139.8,-76.9,-164.9,8,3p22
C,-60.1,166.6,46.4,78,-150.7,-77.1,-161.3,8,3p22
U,-74.8,178.7,54.7,83.6,-142.8,-73.2,-159.1,8,3p22
U,-69.3,167.9,59.1,75.5,-133.2,-86.8,-164.7,8,3p22
C,-78.7,-175.9,49.5,79.1,-140.8,-59.2,-158.8,8,3p22
G,-74.5,173.7,55.8,74.2,-145.8,-70.8,-163.8,8,3p22
A,176.2,151,48.3,82.9,-148.5,-91.4,-163.8,8,3p22
A,139.9,-143.7,169.2,94.2,-130.1,-63.8,-169.5,8,3p22
A,-67.9,169.6,56.7,80.5,-131.9,-54.8,-156.8,8,3p22
G,-73.2,161.6,61.5,73,-138.9,-71.3,-168,8,3p22
A,-60.6,170.7,57.4,72.4,-166.9,-65.7,-172.4,8,3p22
A,-80.6,-172.8,56.4,81.2,-147.9,-67.1,-163,8,3p22
G,-63.8,164.5,59.1,77.7,-150.8,-73.7,-169.7,8,3p22
G,-59.5,175,50.9,82.2,-115.3,-102.8,-156.2,8,3p22
U,-83.5,130.3,82.1,81.3,-162.4,-52.8,-158.2,8,3p22
U,-134.9,140.4,125.8,84.4,-135.4,-79.4,-171.2,8,3p22
U,-47.3,173,39.5,82.4,-152.4,-72.8,-163.3,8,3p22
U,-64.2,170.1,60.1,81.1,-152.2,-76.6,-169.3,8,3p22
U,-60,-178.9,65.9,139,-91.3,143.3,-126.4,8,3p22
A,152.5,-105.2,13.4,100.1,-160.8,-44.7,176,8,3p22
U,-107.7,-142.1,68,141.7,-117.6,-161.7,-121.5,8,3p22
C,-69.2,178.1,42.3,85.9,-152.8,-76.6,-169.9,8,3p22
C,-64.6,-177.6,48.1,80.4,-167.5,-55.8,-155.2,8,3p22
C,-81.4,-174.3,55.8,80.1,-158.7,-68,-155.7,8,3p22
A,-73.5,174.9,55.5,81.4,-151.8,-71.9,-159.6,8,3p22
G,-64.8,175.8,51.7,84,-157,-63.3,-160.4,8,3p22
U,-75.4,-179.8,57.5,86.9,-144.4,-83.2,-155.7,8,3p22
C,-59.5,164.7,50.6,84,---,---,-149.1,8,3p22
A,---,---,76.3,144,-132.6,109,47.7,8,3p22
A,-67,-167,50.9,86.1,-142.7,-65.1,-165.7,8,3p22
A,-64.4,176.3,49.6,88.3,-118.7,-100.2,-151.5,8,3p22
A,-55,149,50,90.4,-112.1,-167.1,-129.8,8,3p22
A,60.6,-154.1,-139.5,91.6,-151.3,-61.7,-160.5,8,3p22
A,-68.1,167.5,53.3,75.1,171.5,-48.6,-161.4,8,3p22
A,-178.1,177.2,148,86.2,-149.3,-57,-178.3,8,3p22
A,-86.1,-178.6,66.5,77.8,-177.3,-77.9,-163.7,8,3p22
A,171.3,-164.4,158.5,81.6,---,---,177.2,8,3p22
C,---,---,171.8,87.7,-145.5,-70,-164.1,9,3q50
U,-58,169,52.7,79.4,-158.9,-70.9,-163.8,9,3q50
G,-62.3,-172.2,44.7,79.3,-172.4,-62,-158.4,9,3q50
G,161.6,-164.9,168.9,80.8,-148.9,-66.1,-178.1,9,3q50
G,-76.5,-175.4,64.7,83.8,-167.8,-106.9,-154.1,9,3q50
U,-77.5,173.9,63.7,83.1,-125,-63,-159.7,9,3q50
C,-57.4,164.3,60.8,82.2,-122.8,-70.2,-162.8,9,3q50
G,-62.8,162.8,62.2,77.6,-111.3,-99.9,-163.4,9,3q50
C,134.4,-175.3,77.7,83.4,-129.4,-69.1,-177.8,9,3q50
A,-72.3,159.4,75.7,85.3,-123.2,-65.3,-164.7,9,3q50
G,-63.5,-136.3,61.1,146.8,-109.9,-167.3,-70,9,3q50
U,90.3,142.5,35.5,150.7,-132.6,-17.4,-175.5,9,3q50
A,-56.4,-150.9,-27.2,75.9,-139.9,-89.1,-168.5,9,3q50
A,-24.4,139,28.3,78.3,-114.2,-90.1,178.6,9,3q50
C,-39.8,146.8,50.7,79.1,-152.6,-72.4,-166.1,9,3q50
C,-64.6,-170.1,56.4,78.1,-148.1,-72.1,-164.7,9,3q50
C,-57.2,-171.6,46.2,80.1,-158,-66.1,-157.4,9,3q50
C,-69,178.2,54.5,79.6,-145.7,-78,-161.3,9,3q50
A,-53.3,162.1,58.2,85.1,-164,-77.7,-171.6,9,3q50
G,-58.1,176.6,69.3,153.8,-106.9,150.9,-133.3,9,3q50
U,-66,169.4,37.5,150.5,-124.6,82.8,-137.1,9,3q50
U,42.7,-169.5,95.4,144.3,-84,-61.4,-140.2,9,3q50
A,-58.7,-159.6,55,91,-161.9,150.9,-123.8,9,3q50
A,-52.3,176.8,41.6,79.6,-151.3,-62.5,-161.7,9,3q50
C,-82.5,169.9,72.5,79.3,-132.3,-44.8,-172.7,9,3q50
A,-111.8,150.8,132,84.2,-145.6,-67.1,-175.8,9,3q50
A,-58.3,-178.6,41.6,83.8,-161.1,-87,-148.3,9,3q50
A,-60.1,-169.1,50.4,147.4,-178.7,-107.7,-90.2,9,3q50
A,-96.4,151.6,81.1,73.5,-154.2,-70,-162.8,9,3q50
C,-55,169.9,50.3,81.2,-155.5,-72.8,-165.1,9,3q50
A,-59.2,-178.8,47.2,85.5,-164.4,-110.9,-158.4,9,3q50
A,-51.6,172,41.2,82.6,-158.8,-53.6,-151,9,3q50
G,175.2,-145.3,145.3,85.9,---,---,-179.2,9,3q50
C,---,-177.6,101.4,84,-128.3,-81.2,-169.8,10,3r9x
A,-50.3,170.2,45.1,78.7,-146.5,-79.8,-157.2,10,3r9x
A,-62.5,164.8,52.4,80,-140.5,-80.7,-153.5,10,3r9x
C,-55.9,159.3,53.1,75.1,-149.5,-69.9,-156.4,10,3r9x
C,-66.6,170.2,67.4,81.1,-137.3,-82.5,-167.4,10,3r9x
G,-69.4,159.1,69.8,80.9,-145.6,-73.1,-173.3,10,3r9x
U,-72.8,170.8,63.6,80.9,-154.2,-87.8,-165,10,3r9x
A,-38.2,164.8,30.6,81,-157.4,-54.3,-162.7,10,3r9x
G,-139.6,149.9,140.4,82,-134.1,-112.9,178.8,10,3r9x
G,41.3,134.3,-6.7,90.4,-167.1,-22.9,-132.4,10,3r9x
G,-150.7,113.5,129.5,83,170.3,-4.2,-169.8,10,3r9x
G,-121.8,-122.3,-82.9,89.9,-157.7,-78.5,-157.9,10,3r9x
A,157.5,-145.8,149.8,87,-175.9,-68.2,-161,10,3r9x
A,-139.2,-168,90.2,75.7,-153.8,10.6,-174.9,10,3r9x
C,174.1,155.7,161.1,80.9,-136.4,-91.9,-156.1,10,3r9x
C,56.1,-172.7,-76.2,95.4,-146.6,-53.2,-153.5,10,3r9x
U,-72.2,-175.6,55.6,81.3,-161.1,-71.3,-168.4,10,3r9x
G,-60.1,179.9,54.8,81,-153.6,-59.4,-171.9,10,3r9x
C,-106.8,-179.2,81.2,78.2,-163,-58,-169.7,10,3r9x
G,-92.3,-171.4,69.1,76.8,-152,-81,-169,10,3r9x
G,-48.1,171,51.2,79.2,-155.8,-75.8,-170.1,10,3r9x
U,-51,172.2,44.7,79.2,-149.1,-66.1,-163.9,10,3r9x
U,-67.8,170.4,57.8,79.3,-148.7,-72.6,-151.9,10,3r9x
G,-63.3,167.8,65.7,82.2,-138.5,-89.8,-168.9,10,3r9x
G,-43.3,158.1,63.6,131.1,-117.9,-63.9,-130.5,10,3r9x
A,-169.5,148.3,53.7,152.9,-123.7,-29.8,-112.3,10,3r9x
U,-71.4,-176.5,42.8,150.9,-122.6,105.7,-87.8,10,3r9x
C,-96.6,-131.8,47.7,142.1,-147.8,152.7,-118.5,10,3r9x
A,-66.5,164,43.8,151.3,-121.3,134.2,-98.8,10,3r9x
C,-65.3,159.1,36.4,147.8,-98.8,-147.4,-132.2,10,3r9x
C,43.7,-179,-162.3,103.8,-137.8,-69.6,-165.4,10,3r9x
U,-54.6,163.7,54,80.3,-128.5,-76.5,-158.1,10,3r9x
C,159.7,112.3,-159.6,77,-139.7,-69.5,-158.1,10,3r9x
C,178.1,-144.9,127.9,76.4,-130.7,-88.3,-159.5,10,3r9x
U,-37,156.7,41.8,79.3,---,---,-131.5,10,3r9x
GNP,---,---,53.3,144.2,---,---,-119.9,10,3r9x
GTP,---,---,50.3,93.8,-135.2,-93.4,177.9,11,3rw6
G,-46.1,164.9,47.4,75.4,-144.1,-114.1,-170,11,3rw6
C,25.8,104.8,13.9,67.1,179.3,-70.5,-158.1,11,3rw6
A,-156.7,-152.5,117.4,79,-137.8,-87.3,-176.4,11,3rw6
C,-54.8,162.1,54.7,82.6,-147.3,-75.6,-175,11,3rw6
U,-71.6,-176.5,39.8,81.9,-150.2,-60.1,-157.7,11,3rw6
A,-75.4,172.6,62.9,78.8,-138.1,-74.8,-167.1,11,3rw6
A,-50.4,171.2,44.3,88.6,-142.6,-70.8,-154.9,11,3rw6
C,-68.9,165,60.6,85.9,-154.7,-76.7,-157.4,11,3rw6
C,-70.4,-175.1,47.9,87,-149.7,-70.9,-162.5,11,3rw6
U,-65.8,171.7,61.6,86.9,-151.5,-89.8,-162.9,11,3rw6
A,-55.1,-157.8,60.6,138.4,-104,65.9,-110.4,11,3rw6
A,91.2,161.5,53.7,152.9,-99.7,-64.5,-110.9,11,3rw6
G,-84.4,-88.4,-62.7,136.8,-155.3,62.4,-98.8,11,3rw6
A,68.9,148.7,37.9,158.5,-65.9,-160.3,-153.1,11,3rw6
C,-62.8,128.1,55.6,86.6,-160,-72.1,-164.2,11,3rw6
A,-64.7,-134.9,50.5,146.1,-89.2,160.9,-98.3,11,3rw6
G,-87.5,59.7,171.4,81.5,-147.8,-73,-174.9,11,3rw6
G,-78.7,175.4,54.2,78.9,-143.7,-83.4,-178,11,3rw6
A,-51.9,159.4,52.2,78.7,-132.4,-66.2,-173.8,11,3rw6
G,-68.7,167.3,52.4,77.9,-132.3,-76,-169.9,11,3rw6
G,-47,160.9,41.7,77.2,-148.2,-76.2,-173.7,11,3rw6
G,-57.1,166.5,55.5,83.2,-162.3,-68.9,-171.4,11,3rw6
C,-60.2,178.7,47.6,77.5,-151.6,-70,-167.4,11,3rw6
C,-82.4,169.1,61.2,76.4,-138,-71.3,-170.1,11,3rw6
G,-54.9,167.6,45.4,76.9,-146.9,-78.1,-165.2,11,3rw6
G,-54.2,172.4,42.4,76.4,-144.3,-73.2,-158.4,11,3rw6
G,-48.8,158.7,34,74,-143.6,-69.6,-169.2,11,3rw6
A,174.7,147.1,50.9,90.1,-127.5,-74.4,-162.2,11,3rw6
A,-72.6,152.1,78.4,84.6,-134.9,-73.4,-161.1,11,3rw6
A,-56.1,161.4,48,79,-141.7,-43.3,-155.8,11,3rw6
C,-68.7,157,67.7,84.5,-156.1,-76.1,-163.5,11,3rw6
C,-74,175.4,58.4,80.6,-172,-84.3,-159.8,11,3rw6
U,-66.7,-173.5,49.3,80.2,-152.3,-57.6,-160.2,11,3rw6
G,-69.6,173.5,50.8,81,-150.9,-68.8,-169.1,11,3rw6
C,-57.8,162.2,56.4,84.3,-148.8,-78,-169.5,11,3rw6
C,-70,174,57.7,83.1,-145.8,-67.7,-161.9,11,3rw6
U,-67.4,167,54.8,78.7,-142.3,-81.9,-161.4,11,3rw6
A,-74.4,-178.2,-163.3,105.1,-156.4,-75.7,-161.3,11,3rw6
A,166.6,118.8,49.4,79,-132.1,-61.1,-179.5,11,3rw6
U,-70.2,171.1,54.8,80.9,-150.6,-79.2,-161.8,11,3rw6
C,-65.3,171.7,51.7,77.9,-143.4,-70.3,-166.7,11,3rw6
C,-68.8,174.4,58.5,79.9,-141.4,-71.8,-170.2,11,3rw6
A,-60.8,170.4,46.9,72.5,-149.2,-126,-164.8,11,3rw6
A,55.8,-177.4,-75.5,153.1,-143.3,92.7,64.6,11,3rw6
U,63.7,-170,70,142.7,-75.8,-49.3,-136.4,11,3rw6
G,-70.4,-150.8,58.1,142.4,-158.1,138.7,-115.6,11,3rw6
A,-66.8,143.5,45.9,85.5,-122.3,-55,175.2,11,3rw6
C,-67,175.9,42.8,83.5,-144.4,-56.6,-174.4,11,3rw6
G,-76.7,172.1,58.4,83.9,-150.2,-67.4,-174.1,11,3rw6
G,-62,175.3,56,79.3,-157,-63.1,-174.8,11,3rw6
G,-62.6,171.4,60.5,87.2,-150.7,-76,-167.1,11,3rw6
U,-60.4,-176,57.1,140.1,-95.7,-151.4,-123.7,11,3rw6
A,-147.9,125.8,39.1,81,-154.8,-78.3,-147.5,11,3rw6
A,-52.4,166.4,46.3,85.6,-116.2,-96.3,-139.7,11,3rw6
U,-38.2,173.7,27.9,79.9,-160.6,-91.6,-165.1,11,3rw6
A,159,-162.4,159.8,86.4,-123.3,-114.3,-175.5,11,3rw6
G,9.6,131.4,8.2,74.7,-148.6,-73.7,-161.6,11,3rw6
U,-49.6,179.1,49.4,84.5,-165.3,-98.1,-153.6,11,3rw6
G,150.7,-136.8,168.3,87.7,-121.5,-88.2,172.9,11,3rw6
U,-50.3,150.6,49.6,78.8,-123.9,-108.7,-166.6,11,3rw6
CCC,-47.3,135.9,70.2,97.6,---,---,-152.1,11,3rw6
A,---,---,60.3,83.1,-153.3,-62.2,-173.3,12,4ato
A,-76.9,179.9,61.3,87.9,-133.9,-73.1,-153.3,12,4ato
A,-61.3,170.5,45.5,83.1,-132,-73.1,-139.5,12,4ato
U,-74.5,-159,57.1,147.1,-146.4,108.3,-131.4,12,4ato
U,-54.2,153.9,46.1,77.4,-136.1,-55.8,-167.3,12,4ato
G,-66,166.8,65.3,84.9,-163.7,-62.7,-160.2,12,4ato
G,144.7,-171.1,-173.3,84,-138.3,-77.2,-176.4,12,4ato
U,-57.4,171.8,53,77,-132.1,-68,-158.9,12,4ato
G,-57.6,-140,45.3,141.3,-135,-63.8,-83.7,12,4ato
U,-177.1,-167.8,-60.7,151.1,-98.7,-72.6,-121.9,12,4ato
A,-62.1,-137.3,42.2,146.4,-93.3,161.9,-111.6,12,4ato
A,173.3,-168.7,52.8,80.5,-150.9,-77.8,-173.7,12,4ato
C,-61.5,179.5,48.8,80.2,-152.2,-75.9,-160.7,12,4ato
C,-64.3,-179.2,48.3,79.2,-150.8,-70.5,-161.3,12,4ato
U,-68.2,172.7,56.1,77.5,-148.3,-61.3,-163.4,12,4ato
U,-68.5,176.5,57.2,76.9,-148.4,-67.6,-164.7,12,4ato
A,-64,177.4,54.3,79.7,-152.6,-68.1,-169.2,12,4ato
C,-59,171.9,57.7,84.5,-138.3,-74.7,-168.1,12,4ato
C,-53.6,-173.8,49.6,144.9,-116.2,138.7,-129.6,12,4ato
G,-55.4,149.3,40,148.7,-124,85.3,-143.6,12,4ato
U,82.8,-172.8,46.8,148.7,-84.8,-58.8,-133,12,4ato
A,-83.9,-135.9,53.7,84.7,-146.6,-146.9,-124.2,12,4ato
G,49.8,150.3,-25.7,152.6,-162.1,140.5,-92.6,12,4ato
U,-67.9,141.5,33.4,78.9,-153.6,-62.1,-166.2,12,4ato
A,-79.2,177.2,59.3,77.7,-154.3,-75.4,-163.1,12,4ato
G,-56.4,172.6,48.6,76.6,-165.8,-72.7,-160.6,12,4ato
G,150.4,-164.3,-177.7,83.7,-129.7,-72.8,-180,12,4ato
U,-50.5,168.2,47,75.8,-145.7,-67.6,-164.8,12,4ato
G,-63.7,165.9,61.6,81.8,-142.2,-63.7,-169.3,12,4ato
C,-77,174.1,63.4,82,-124.2,-63.3,-166,12,4ato
U,-53.6,176.1,53,127.6,-100.1,44.2,-127.8,12,4ato
A,151.7,-112.3,114.8,83.7,-127.5,-93.6,-85.9,12,4ato
A,-38.6,177.5,43.1,150.5,-133,-146.3,-107.3,12,4ato
A23,178.3,-156.4,49.5,162.4,---,---,-175.3,12,4ato
A,---,---,60.3,83.2,-153.3,-62.3,-173.3,12,4ato
A,-76.9,179.9,61.3,87.8,-133.9,-73.1,-153.3,12,4ato
A,-61.3,170.6,45.6,83.1,-132,-73.1,-139.5,12,4ato
U,-74.5,-159,57.1,147.1,-146.4,108.3,-131.4,12,4ato
U,-54.2,153.9,46.1,77.4,-136.2,-55.8,-167.3,12,4ato
G,-66.1,166.8,65.3,84.9,-163.7,-62.7,-160.2,12,4ato
G,144.7,-171.1,-173.3,83.9,-138.3,-77.2,-176.4,12,4ato
U,-57.4,171.8,53,77,-132.1,-67.9,-158.9,12,4ato
G,-57.7,-140,45.3,141.3,-134.9,-63.9,-83.7,12,4ato
U,-177.1,-167.8,-60.7,151.1,-98.8,-72.6,-121.9,12,4ato
A,-62.1,-137.3,42.2,146.4,-93.3,161.9,-111.6,12,4ato
A,173.3,-168.7,52.8,80.4,-150.9,-77.8,-173.7,12,4ato
C,-61.5,179.5,48.7,80.3,-152.2,-75.9,-160.7,12,4ato
C,-64.3,-179.2,48.3,79.2,-150.8,-70.4,-161.3,12,4ato
U,-68.2,172.7,56.1,77.5,-148.3,-61.3,-163.4,12,4ato
U,-68.6,176.5,57.2,76.9,-148.5,-67.6,-164.7,12,4ato
A,-64,177.4,54.3,79.7,-152.6,-68.1,-169.2,12,4ato
C,-59,171.9,57.8,84.5,-138.3,-74.7,-168.2,12,4ato
C,-53.6,-173.8,49.6,145,-116.2,138.7,-129.6,12,4ato
G,-55.4,149.3,40,148.7,-124,85.3,-143.5,12,4ato
U,82.8,-172.8,46.8,148.7,-84.8,-58.8,-133,12,4ato
A,-83.9,-135.9,53.7,84.7,-146.6,-146.9,-124.2,12,4ato
G,49.8,150.3,-25.7,152.6,-162.1,140.5,-92.6,12,4ato
U,-67.9,141.5,33.4,78.9,-153.6,-62.2,-166.2,12,4ato
A,-79.1,177.2,59.3,77.7,-154.3,-75.4,-163.1,12,4ato
G,-56.4,172.6,48.6,76.6,-165.8,-72.7,-160.6,12,4ato
G,150.4,-164.3,-177.7,83.6,-129.7,-72.8,-180,12,4ato
U,-50.5,168.2,47,75.8,-145.7,-67.6,-164.8,12,4ato
G,-63.7,165.9,61.6,81.9,-142.2,-63.8,-169.3,12,4ato
C,-77,174.1,63.4,82,-124.2,-63.3,-165.9,12,4ato
U,-53.6,176.1,53,127.6,-100.1,44.2,-127.7,12,4ato
A,151.7,-112.3,114.8,83.7,-127.5,-93.6,-85.9,12,4ato
A,-38.6,177.5,43.1,150.5,-133,-146.3,-107.3,12,4ato
A23,178.3,-156.4,49.5,162.4,---,---,-175.3,12,4ato
A,---,---,60.3,83.1,-153.3,-62.3,-173.3,12,4ato
A,-76.9,179.8,61.3,87.9,-134,-73.1,-153.3,12,4ato
A,-61.3,170.5,45.5,83.1,-132,-73.1,-139.4,12,4ato
U,-74.5,-159,57.1,147.1,-146.4,108.3,-131.4,12,4ato
U,-54.2,154,46.1,77.4,-136.2,-55.8,-167.3,12,4ato
G,-66,166.8,65.3,84.9,-163.8,-62.6,-160.2,12,4ato
G,144.7,-171.1,-173.3,84,-138.3,-77.2,-176.4,12,4ato
U,-57.4,171.8,53,76.9,-132,-68,-158.8,12,4ato
G,-57.6,-140,45.3,141.3,-135,-63.8,-83.7,12,4ato
U,-177.1,-167.8,-60.7,151.1,-98.7,-72.6,-121.9,12,4ato
A,-62,-137.2,42.1,146.4,-93.2,161.9,-111.6,12,4ato
A,173.3,-168.6,52.8,80.5,-150.9,-77.8,-173.7,12,4ato
C,-61.5,179.5,48.8,80.2,-152.2,-75.9,-160.7,12,4ato
C,-64.3,-179.2,48.3,79.2,-150.8,-70.5,-161.3,12,4ato
U,-68.2,172.7,56.1,77.5,-148.2,-61.3,-163.4,12,4ato
U,-68.5,176.5,57.1,76.9,-148.4,-67.5,-164.7,12,4ato
A,-64.1,177.4,54.3,79.7,-152.6,-68.1,-169.2,12,4ato
C,-59,171.9,57.7,84.5,-138.4,-74.7,-168.1,12,4ato
C,-53.6,-173.8,49.6,144.9,-116.2,138.7,-129.6,12,4ato
G,-55.4,149.3,40,148.7,-124,85.3,-143.5,12,4ato
U,82.8,-172.8,46.8,148.7,-84.7,-58.8,-133,12,4ato
A,-83.9,-135.9,53.7,84.7,-146.6,-146.9,-124.2,12,4ato
G,49.8,150.3,-25.7,152.6,-162.1,140.5,-92.6,12,4ato
U,-67.9,141.4,33.4,78.9,-153.6,-62.2,-166.2,12,4ato
A,-79.2,177.2,59.2,77.8,-154.3,-75.5,-163.1,12,4ato
G,-56.4,172.6,48.6,76.6,-165.8,-72.7,-160.6,12,4ato
G,150.4,-164.3,-177.7,83.7,-129.7,-72.8,-180,12,4ato
U,-50.6,168.2,47,75.8,-145.7,-67.6,-164.8,12,4ato
G,-63.7,165.9,61.6,81.8,-142.2,-63.7,-169.3,12,4ato
C,-77.1,174.1,63.4,81.9,-124.2,-63.3,-166,12,4ato
U,-53.6,176.1,53,127.6,-100.1,44.3,-127.7,12,4ato
A,151.7,-112.3,114.7,83.7,-127.5,-93.6,-85.9,12,4ato
A,-38.6,177.6,43.1,150.5,-133,-146.3,-107.3,12,4ato
A23,178.3,-156.4,49.5,162.5,---,---,-175.3,12,4ato
GTP,---,102.8,133.9,-145.7,-134.3,-11.4,-17.4,13,4ena
G,-81.4,-150.3,93.9,82.2,-138.4,-78.8,-176.4,13,4ena
G,-58.5,170.7,53.2,80,-148.6,-70.2,-168.7,13,4ena
C,-61.3,171,54.7,76.2,-150.6,-74.8,-163.1,13,4ena
G,-78.9,-174.7,59.5,81.9,-83.6,100,-153,13,4ena
A,71.2,122.2,-66.2,78.1,-151.9,-89,-175,13,4ena
U,-66.5,-134,65.3,83.8,-130.2,-101.4,-131.9,13,4ena
G,-53.8,-171.7,38.5,78.2,-169.3,-55.9,-172,13,4ena
A,-104.1,-167.4,81.1,77.6,-136.9,-90.6,-172,13,4ena
G,-49.8,166.2,39.5,77.7,-147.7,-80.1,-163.4,13,4ena
G,-55.4,176.7,44.9,82.1,-152.6,-65,-170.6,13,4ena
C,-69.9,-179.5,54.1,82.6,-159.3,-67.2,-166.4,13,4ena
C,-85.1,177,69,81.3,-160,-66.3,-167.2,13,4ena
C,-79.7,-171.1,57.2,79.1,-160.9,-63.9,-172,13,4ena
G,-76.1,172.5,68.8,80.3,-137.3,-85.6,-174.6,13,4ena
C,-44.4,153.7,52.2,77.3,-143.5,-82.3,-175.8,13,4ena
C,-51.1,169.9,45.7,77.9,-160.3,-78,-165.3,13,4ena
C,-61.7,174.7,77.1,147,-146.5,102.9,-127.5,13,4ena
A,-49.4,110.9,70.3,150,-116,121.2,-154.3,13,4ena
A,58.1,-108.2,-165,86.8,-147.6,-72.2,-135,13,4ena
A,-70.3,172,54,81.7,-126.6,-49,-121.1,13,4ena
C,-89.1,-175.2,69.5,78.6,-136.3,-81.6,-166,13,4ena
U,-55.1,162.9,57.8,76.5,-142.5,139.7,-159.1,13,4ena
G,-66.4,175,48.7,82.9,-139.1,-81.9,-172,13,4ena
C,-59.3,164.1,58.2,81.2,-143.7,-79.4,-164.2,13,4ena
C,-57.1,167.5,52.2,78.3,-142,-87.3,-164.7,13,4ena
C,-38.5,161.5,37.6,77.7,-145.2,-72.9,-166,13,4ena
U,-60.1,174,43.9,75.8,-152.4,-59.6,-158.7,13,4ena
G,-83.4,-172.1,59.4,78.1,-137.1,-54.4,-166.1,13,4ena
A,-161.1,114.9,50.9,81.2,-134.7,-81.9,-170.1,13,4ena
A,-67.5,157.4,64.4,88.1,-153.4,-67.1,-153,13,4ena
A,-71.9,-173.3,44.5,84.4,178.5,11.7,-137.3,13,4ena
A,-147.6,146.1,132.4,86.7,-141.5,-79.4,-170,13,4ena
G,-64.9,163.7,53.1,75.5,-133.4,-87.7,-174.7,13,4ena
G,-48.5,160.9,47.3,78.3,-152.6,-64.8,-176.3,13,4ena
G,-71.7,-170.3,55.1,75.2,-153.9,-75.8,-164,13,4ena
C,-64,162.5,66.9,75.5,-162.7,-67.5,-169.9,13,4ena
U,-80,-166.3,63.1,76,-159.1,-61.1,-153.1,13,4ena
G,-80.8,179.5,66.6,77.4,-121.2,-85.9,-166.1,13,4ena
A,-45.8,138.2,171.1,135.2,-108,-43.9,-118.1,13,4ena
U,-73.3,-151,61.6,80.6,-124.3,-85.2,-162.2,13,4ena
G,154.3,-177.2,57.4,88.7,-126.9,-76.8,-175.1,13,4ena
G,-56.8,172.6,43.6,83,-171,-59.4,-151.2,13,4ena
C,-92,-163.9,54.1,82.1,-161,-69,-145.2,13,4ena
C,-94.8,-165.1,57.6,80.6,-159.9,-60.8,-154.2,13,4ena
U,-77.4,169.8,73,77.2,-132.2,-102.3,-176.7,13,4ena
C,-30.7,148.3,42.2,79.7,-146.1,-74.9,-171.6,13,4ena
U,-71.4,170.8,59.9,75.7,-132.2,-89,-165.4,13,4ena
A,-51.1,159.3,53.1,78.9,-146.4,-80.7,-159.3,13,4ena
C,116.1,-169.3,-132.4,152.6,-118.1,-21.4,-133.5,13,4ena
U,-80.9,-107.7,81.3,138.3,-82.6,61.2,-147.5,13,4ena
G,99.2,179.5,150.7,86.5,---,---,64.7,13,4ena
G,---,116,84.9,77,-137.8,-97.4,-177.9,14,4pdb
G,-16.1,147.6,31,76.6,-160.7,-85.4,-164.3,14,4pdb
G,158.7,-151.6,172.1,80.3,-120.9,-91.5,-178,14,4pdb
A,-31.1,151.4,40.8,75.7,-159.4,-77.5,-161.1,14,4pdb
U,132.1,-163.5,-164.4,82.6,-134,-89.1,-176.3,14,4pdb
G,-46.9,157.2,49.6,79.1,-143.5,-84.7,-167.1,14,4pdb
C,-56.3,167.2,49.9,77.4,-143.7,-62.8,-167,14,4pdb
U,-69.2,171.9,67.2,81,-152,-79.9,-166.6,14,4pdb
C,-58.9,170.1,53.6,79.9,-134.8,-89.8,-170.8,14,4pdb
A,-52.8,146,60.9,81.5,-127.8,-86.8,-160.8,14,4pdb
G,-63.8,144,62.8,73.9,41.1,45.6,-161.4,14,4pdb
U,-175.5,-119.6,82.1,129.1,80.7,-60.3,-113.8,14,4pdb
G,-130.9,-131.7,43.5,75.3,-151.8,-64.2,-172.3,14,4pdb
A,-72.8,179.9,62.5,72.6,-149.2,-47.8,-169.9,14,4pdb
U,-80.7,-172.3,54.6,76.7,-152.8,-74.3,-159,14,4pdb
C,-70.8,173,63.1,79.4,-141.8,-81,-165,14,4pdb
C,-53.7,173.2,46.7,79,-144.5,-73,-162.7,14,4pdb
U,-54.2,164.1,54,79.3,-159.9,-100.9,-166,14,4pdb
U,-156,158.5,46.7,145.2,-96.7,-63.7,-138.9,14,4pdb
C,-91,-143.2,50.5,127.4,35.9,-64.1,-131.1,14,4pdb
G,153.3,-176.3,153.1,84.5,-141.2,-83.1,57.2,14,4pdb
G,129.1,-111.6,-169.4,85,-136.7,-75.3,-173.7,14,4pdb
G,-55.1,158.6,59.5,74.6,-145.9,-76.1,-178.5,14,4pdb
A,-65.6,177.9,62.6,82.1,-129.9,-80.5,-164.6,14,4pdb
U,-50.5,164.6,58.3,137.2,-106.9,160.1,-120,14,4pdb
A,-123.8,154.9,29.4,85,-155.1,-61.4,-151.4,14,4pdb
U,-75.7,170.5,59.4,80.5,-143.3,-75.6,-161,14,4pdb
C,-48,173.6,33.6,77.1,-148.4,-65,-164.2,14,4pdb
A,-58.8,171.9,47.1,76.7,-157.9,-72.8,-166.3,14,4pdb
G,129.1,-179.2,-150.3,91.7,-127.3,-70,178.6,14,4pdb
G,-52.1,-177.6,36.4,77,-145.9,-75.9,-171,14,4pdb
G,-46.1,168,38.3,78.7,-150.4,-77.2,-167.8,14,4pdb
C,-55.4,170.7,49.3,80.9,-150.5,-69.9,-166.3,14,4pdb
A,-61.6,170.3,57.2,79.5,-155.9,-81.6,-167.3,14,4pdb
U,-60.4,176.2,50.4,82,-155.9,-73.3,-160.3,14,4pdb
C,-61.5,168.6,52.4,78.7,-152.3,-72.4,-167.3,14,4pdb
C,-58.7,-177.2,47,78.6,-155.7,-78.3,-163.4,14,4pdb
C,-48.6,167,73.5,139.2,---,---,-142.9,14,4pdb
U,---,28.2,146.5,83.2,157.9,-98,-160.4,15,4qjd
G,159.7,122.1,145.3,-130.4,-119,-11.3,115.6,15,4qjd
U,-163.5,-173.5,164,151.2,150,81.1,-149,15,4qjd
A,-94.1,-129,-119.5,157.7,-121.5,-56.9,-160.3,15,4qjd
A,-108,-160.5,66.4,88.9,-139.9,-62.5,166.3,15,4qjd
C,-67.5,-173.6,42.2,91.4,-154.6,-74.7,-165.2,15,4qjd
U,-60.4,176.9,45.2,79.4,-146.2,-80.7,-157,15,4qjd
C,-55.3,167.5,51.9,71.2,-127.2,-90.7,-164.9,15,4qjd
C,-55.9,142.2,66.3,67.1,-129.5,-57.5,-178.7,15,4qjd
G,-121.8,140.7,140.3,68.6,-122.5,-92.7,178.7,15,4qjd
C,-26.7,148.3,47.9,79.2,-156.2,-76,-165.8,15,4qjd
C,-66.4,-178.5,52,91.9,-144.4,-82.2,-173,15,4qjd
U,-56.2,166.8,40.4,86.1,-164.1,-72.9,-160.1,15,4qjd
A,-80.7,174.9,61,83.5,-140.7,-84.8,-162.5,15,4qjd
U,-64.5,157.7,63.3,78.8,-137.7,-78.5,-167.9,15,4qjd
G,-66.3,155.9,67.2,73.7,-144.3,-73,-168.6,15,4qjd
U,-63.3,170.9,56.7,76.1,-152.3,-75.5,-161.9,15,4qjd
C,-55.8,172.6,44.4,75.5,-167.1,-102.7,-168.5,15,4qjd
A,164.1,-115.7,157.8,74.8,-103.4,-104.2,176.1,15,4qjd
U,-47.4,134.4,62,81.8,-142.7,-69.2,178.7,15,4qjd
C,-61.8,-174.5,40.8,94.6,-167.6,139.9,-141.6,15,4qjd
U,133.6,-173.7,-155.9,93.9,-69.4,95.4,-176.5,15,4qjd
U,18.3,141.7,2.7,94.6,-76.7,-172.4,-165,15,4qjd
A,-116.4,-161,165.9,88.8,---,---,-118.3,15,4qjd
GTP,---,---,-9.1,122.6,-122.9,-96.9,86.9,15,4qjd
U,-98.7,130.4,88.1,83,-154.9,-71.5,-141.4,15,4qjd
A,-76.2,176,63.7,86.2,-151.3,-67.3,-163.9,15,4qjd
A,-74.7,171.3,66.9,85.1,-134.2,-79.2,-176.6,15,4qjd
A,-58.1,175.6,40.8,81.6,-141.6,-84,-155,15,4qjd
U,-51.8,154.8,58,76.7,-151.7,-71.6,-168.7,15,4qjd
G,-64.7,-173.9,52.2,92.5,-150.7,-77.2,-165.5,15,4qjd
A,-80.5,165.4,68.9,78.7,-140.6,-70.1,-165.5,15,4qjd
U,-67.4,164,64.1,83.8,-149.4,-86.3,-163.5,15,4qjd
A,-70.9,165.6,60.1,78.2,-146.3,-79.6,-163.2,15,4qjd
U,-69.5,164.7,67.3,80.9,-130.7,-96.2,-169.2,15,4qjd
A,-48.2,145.1,61.2,76.8,-145.5,-128.1,-167.7,15,4qjd
G,37.4,101.4,34.8,82.6,-163.2,156.3,-139.7,15,4qjd
C,-28.6,147.6,36.9,90.4,-137.1,-77.5,-170.5,15,4qjd
C,-81.1,166.9,68.2,85.4,-129.1,-116.5,-175.4,15,4qjd
G,-12.8,134.9,31.6,76.1,-149.1,-57.8,-167.4,15,4qjd
G,-80.2,175.6,69.7,71.6,-143,-66.4,-163.2,15,4qjd
U,-111.4,157.7,100.9,75.6,-124.1,48.2,-176.1,15,4qjd
C,87.7,136.4,3.7,87.9,-160.8,-65.8,-168.2,15,4qjd
C,-96.4,-169,66.4,86.9,-138.9,-92.8,177.1,15,4qjd
C,-41.2,156.8,39.4,77.8,-163.3,32.2,-166.4,15,4qjd
A,140.4,-174,61.8,154.9,-102.8,149.6,-120.4,15,4qjd
A,-48.1,-173.1,52,144.7,-102.5,-140.4,-97.8,15,4qjd
G,87.5,-152,36.4,100.8,-147.1,-69.6,-179.4,15,4qjd
C,-97,-175.8,73.1,90.9,-145.7,141.7,-169.9,15,4qjd
C,130.1,128.9,71.6,78.9,-131.7,-90.9,-177.2,15,4qjd
C,-51.5,177.9,38.1,94.2,-162.9,-49.7,-157.4,15,4qjd
G,-163.8,150.8,145.8,79.9,-141,-79.1,-174.1,15,4qjd
G,-43.1,175.7,40.4,94.4,-149.7,73.4,-152.8,15,4qjd
A,-115.8,-168.5,108.9,125.4,-86.7,51.7,-151.6,15,4qjd
A,79.8,111.9,161.5,113.9,75.2,-72.4,-130.5,15,4qjd
A,-116.3,87.8,75.3,-136.1,-74.6,-61.5,22.6,15,4qjd
A,-65.6,160.4,59.9,88.7,-116.4,-93.7,-154,15,4qjd
A,-62.1,146.2,52.3,83.3,-143.3,-59.7,-138.4,15,4qjd
G,-72.4,-84.5,-65.3,157.9,-149.1,-166.2,-70.5,15,4qjd
G,74.5,-131.8,-166.9,79.3,-147.1,-81.8,-170.6,15,4qjd
A,-44.1,166.9,43.6,84.7,-148.9,-64.1,-164.6,15,4qjd
G,-110.5,157.7,103.3,89.6,-123.9,-63.8,178.3,15,4qjd
G,-54.8,159.5,47.6,58,-117.9,-66.9,-171.4,15,4qjd
A,-47.9,-7.5,-157.6,91.8,-143.8,-86.6,-173.6,15,4qjd
G,136.5,-140.7,-178.2,84.4,-95.2,-94.1,167.5,15,4qjd
G,-77.5,133,86.5,81.8,-109.9,-98,169.8,15,4qjd
G,-55.6,138.7,70.4,80,-116.9,-103.9,177.2,15,4qjd
U,-44.1,144.2,41.9,81.3,-155.4,-81,-167.9,15,4qjd
A,-81.7,172,72.8,86.2,-145,-88.3,-166.3,15,4qjd
U,-68.2,166.1,61.1,78,-142.5,-66.1,-164.5,15,4qjd
A,-109.8,157.6,113.5,89.3,---,---,173.2,15,4qjd
U,---,---,-152.8,70.9,-153,70.4,-155,16,4rge
U,60.7,174.4,40.8,82.3,-142,-74.6,-152.3,16,4rge
U,-59.3,169.2,48.1,83.7,-129.5,94.8,-160.4,16,4rge
U,-119.7,-104.2,-81.5,84.9,-145.4,-81.1,-107.5,16,4rge
DU,-32.9,165.1,147.2,82.3,60.2,-179.7,-122.6,16,4rge
A,-149,-39.6,141.3,-129.7,-60.2,-69.4,28,16,4rge
A,-85.1,-145.6,64.5,82.9,-147.1,-43.3,-164.7,16,4rge
U,-82.8,176,60.6,81.4,-146.2,-69.2,-164.4,16,4rge
G,-69.7,-178.1,52.8,74.1,-148.4,-67,-160.1,16,4rge
A,-74.5,162.7,68.2,75.7,-133.4,-89.5,-161.6,16,4rge
A,-50.3,145.7,56.2,77.5,-138.7,-70.6,-166.2,16,4rge
G,-59.5,159,64.9,72.3,-158.9,-67.9,-168.1,16,4rge
C,-68.9,171.9,58.2,78.4,-159.1,-74.1,-164.1,16,4rge
C,-62.1,177.3,51.1,82.8,-145.7,-79.8,-164.9,16,4rge
A,-47.2,170.9,36.3,76.1,-157.1,-70.1,-151.7,16,4rge
C,-74.1,170.6,62.2,78.9,-144.2,-73.5,-164.9,16,4rge
A,-55.3,163.6,62.5,77.3,-153.1,-78.4,-164.7,16,4rge
G,127.6,-151.6,-158,76.8,-149,-59.1,180,16,4rge
G,-80.6,-167.9,63.7,---,---,---,-158.4,16,4rge
C,---,---,51.1,81.3,-123.2,-92.9,-169.1,16,4rge
C,-58.6,154.8,51.1,80.8,-148.8,-77.6,-174.7,16,4rge
U,-56.7,-179.2,45.8,80,-147.2,-74.3,-167.8,16,4rge
G,-61.7,167.6,57.6,76.3,-135,-80.3,-167.6,16,4rge
U,-49.8,161.1,49.5,80.2,-149.6,-81.8,-165.2,16,4rge
G,149.2,-156.5,-179.8,91.9,-95.7,136.2,-163.5,16,4rge
A,-96.7,160.7,61,80.7,-120,-74.3,176.1,16,4rge
G,-49.3,160.2,45.1,79.8,-136.2,-87.9,-174.4,16,4rge
G,-46.5,162.4,41.6,77.1,-140.7,-75,-166.4,16,4rge
G,-57.9,165.1,57.2,73.9,-137.8,-78.4,-166.5,16,4rge
U,-43.6,160.3,45.3,79,-163.7,61.3,-156.9,16,4rge
C,46.5,158.9,44,84.8,-143.9,-82.9,-177.1,16,4rge
C,-40.5,172.8,28.1,77.2,-158.9,-65,-176.3,16,4rge
U,-75.2,-179.3,55.7,79.5,-168.1,51.2,-162.9,16,4rge
A,132.9,176.4,62,151.9,-72.4,138.5,-119.4,16,4rge
A,-86,-162.5,63.9,148.2,-96,-125.5,-94.4,16,4rge
G,68.6,-162.9,50.3,89.7,-134.1,-69.1,171.2,16,4rge
C,-81.3,179.4,59.4,83.4,173.1,149.8,-167.1,16,4rge
C,150.2,178.3,61.5,82.4,-128.3,-79,-168.3,16,4rge
C,-60.8,167.3,49,74.8,-140,-86.2,-164.1,16,4rge
C,-47.7,162.6,41.6,76.7,-154.4,37.6,-158.3,16,4rge
U,146.1,174.5,60,148.7,-77.7,129.6,-127,16,4rge
A,162.5,-156.6,76.4,86.7,-118.1,-103.8,-155.8,16,4rge
A,-43.8,141.6,44.7,86.8,-108.7,-75,-133.5,16,4rge
U,-47.4,-95.4,-79.3,150,-140.3,-151.9,-82.1,16,4rge
U,54.4,-124.1,-138.5,84.5,-147.9,-70.9,-156.7,16,4rge
C,-75.6,171.7,59.9,80.8,-154.8,-73.5,-156.1,16,4rge
A,141.7,-156.4,-170.6,76.8,-138.4,-54.4,-173.2,16,4rge
G,-66.5,172.9,55.3,81.6,-110.3,-148.8,-154.4,16,4rge
A,72.6,-116.3,-157.9,78.9,-139.4,-82.7,-174.1,16,4rge
A,-51.4,163,49.6,75.1,-147.6,-83.4,-168.7,16,4rge
G,-66,167.4,50.1,77.5,-135.4,-80.2,-163.2,16,4rge
G,-45.2,158.7,50.2,73.4,-136.6,-80.3,-172.6,16,4rge
G,-59.9,165.9,58.1,77.4,-133.6,-87.9,-176.4,16,4rge
A,-52,150.3,53,81.7,-139.3,-83.9,-175,16,4rge
A,-53,158.2,60.2,78.9,-143,-80.8,-169.3,16,4rge
A,-55.4,158.3,58.6,82.6,---,---,-163.2,16,4rge
A,---,---,58.3,79.8,-135.1,163.4,-151.6,17,4u7u
U,-52.7,157.5,15,148.9,-88.2,-74.5,-128.4,17,4u7u
A,-58.7,-175.3,173,147.3,-120.1,79.4,62.6,17,4u7u
A,-81.3,157.3,41.7,85.3,-146,-69.7,-164.9,17,4u7u
A,-79.9,173,69.4,92.8,-111,-82.9,-159,17,4u7u
C,-64.8,155,49,78.4,-124.1,-63.3,-126,17,4u7u
C,-62,173.6,62.9,142,-116.8,-71.9,-127.4,17,4u7u
G,-89,-137.1,-178.9,86.2,-136.7,-55.1,77.3,17,4u7u
G,117.9,-134.7,-57.6,130.7,-152.2,-134.8,-82.6,17,4u7u
G,-78.2,136.6,63.2,72.7,-148.9,-97.4,-142.5,17,4u7u
C,-71.2,166.9,59.7,83.9,-135.9,-79.2,-135.4,17,4u7u
U,-78,-175.6,56.7,81.9,-137.3,-92.6,-147.8,17,4u7u
C,-61.9,166.9,64.5,142.9,-88.8,-91.5,-118.1,17,4u7u
C,-62.8,-154.5,-156.7,85.7,-144.8,-0.1,-103,17,4u7u
C,-125.2,120.9,-126.3,129.9,-139.6,-156.6,-81.4,17,4u7u
U,71.5,-137.4,-157.2,83.1,-125.3,-100.9,-148.6,17,4u7u
G,-48.7,151.6,47.8,80.1,-127.3,-84,-125.3,17,4u7u
U,-82.8,177.5,66,80.6,-130.4,-92.7,-156.2,17,4u7u
C,-53.4,171.6,53.8,144.3,-79.9,-104.7,-105.4,17,4u7u
G,-41.4,-170.3,-177.5,86.5,-130.5,-12.2,73.9,17,4u7u
G,-116.1,122.4,-132.1,135.6,-152,-131.9,-84,17,4u7u
U,-83.6,139.4,66.1,72,-148.3,-95.4,-141.3,17,4u7u
U,-63.7,168.7,53.6,85.6,-128.3,-81.9,-120.5,17,4u7u
G,-73.2,173.1,56.6,84.3,-142.2,-88.3,-146.2,17,4u7u
U,-58.5,-179.9,51.9,147.4,-89,-96,-109.3,17,4u7u
A,-72.7,-157.2,-156.1,89.4,-141.2,-55.7,78.2,17,4u7u
A,121,-130.6,-66.6,128.6,-147.3,-139.3,-76.4,17,4u7u
U,-59.3,144.1,33.9,75.6,-167.9,-82.1,-118.3,17,4u7u
U,-77.6,178.4,57.4,82,-149,-71.2,-106.7,17,4u7u
G,-95.4,-166.9,68.5,86.2,-138.2,-91.6,-138,17,4u7u
A,-53.5,172.6,51.7,146.5,-91.5,-94.8,-90.9,17,4u7u
U,-67.1,-146.6,-158.4,84.3,-127.9,-65.4,-104.8,17,4u7u
A,111.4,-123.6,-59.9,131.7,-148.7,-133.4,-83.1,17,4u7u
A,-86.8,133.7,69.1,70.3,-149.6,-90.4,-153.7,17,4u7u
U,-72.3,178.8,57.3,85.6,-141.7,-75,-130.1,17,4u7u
G,-86.3,-179.1,62.3,86.1,-134.4,-89.9,-148.9,17,4u7u
U,-70.6,177.6,66.2,143.4,-82.4,-128.9,-110.9,17,4u7u
U,33,157.6,142,81.4,-134.7,-10,-101.8,17,4u7u
G,-121.8,117.8,-119.5,132.5,-159.9,-123.4,-89.8,17,4u7u
A,-100,128,96.4,72.2,-142.9,-60.9,-172,17,4u7u
G,-74.7,167.5,70.2,81.7,-140.8,-68.7,-165.7,17,4u7u
A,-66.5,158.5,69.7,81.3,-124.3,-71.7,-163.8,17,4u7u
G,-48,170.2,160.2,88.3,-104.5,-97.9,68.1,17,4u7u
U,-47.5,-154.7,52.4,150,-83.4,158.3,53.1,17,4u7u
U,-96.1,129.7,-67.9,166.7,-104,149.8,-109.7,17,4u7u
C,-142.4,156.7,48.7,76.6,-156.4,-76.9,-164.5,17,4u7u
C,-60.3,-176.8,54.1,80.8,-154.2,-75.4,-159.4,17,4u7u
C,-63.9,-177.9,50.6,81.8,-147.4,-72.9,-158.5,17,4u7u
C,-61.7,171.1,51.3,80.7,-155.3,-80.3,-163.5,17,4u7u
G,-54.9,176.7,41.6,80,-142,-87.3,-176.3,17,4u7u
C,-31.8,157.1,47.6,77.9,-160.2,-71.2,-171.1,17,4u7u
G,174.9,-153.9,145.6,82.7,-124.5,-102.7,177.2,17,4u7u
C,-135.5,116.6,48.6,138,-101.4,-48.8,-127,17,4u7u
C,168.9,173.6,145.4,-87.3,118.5,154.2,-22.9,17,4u7u
A,177.3,146.1,87.6,81.5,-133.6,-25.2,52.4,17,4u7u
G,-117.5,137.1,148,81.8,-160.2,-67,-164.9,17,4u7u
C,-72,179.8,52.7,75.7,-150.7,-67.4,-165.9,17,4u7u
G,-68.8,169.2,63.8,77.2,-164.5,-71.7,-174.6,17,4u7u
G,-72.9,-173.9,57.9,80.7,-145.7,-67.2,-171.2,17,4u7u
G,-65.4,163.8,68.1,75.5,-152.5,-49.9,-175.3,17,4u7u
G,-159.2,153.9,153.8,81.6,---,---,-172.4,17,4u7u
A,---,---,61.4,80.8,-146.2,172.6,-153.5,17,4u7u
U,-65.8,162.1,26.9,147.2,-87.7,-75.9,-132.4,17,4u7u
A,-60.2,-176.2,170.2,149.9,-103.9,73.7,60.7,17,4u7u
A,-99.4,170.8,54.4,84.3,-132.8,-82.1,-162,17,4u7u
A,-49.4,163.3,49.5,93,-120.4,-79,-143.2,17,4u7u
C,-65.4,159.1,48.9,80,-125.5,-62.9,-120.6,17,4u7u
C,-68.8,174.4,69.4,140.4,-113.9,-70.8,-118.3,17,4u7u
G,-77.8,-139.2,174.8,83.7,-157,-36.8,79.3,17,4u7u
G,129.6,-153.5,-66.8,130.5,-144.3,-142.1,-81.2,17,4u7u
G,-70.1,136.9,46.3,74.6,-164.4,-87.6,-133.5,17,4u7u
C,-80.8,177.1,65.7,82.8,-141,-76.7,-137.9,17,4u7u
U,-89.4,-174.1,66,81,-143,-84.6,-152.2,17,4u7u
C,-70.5,-178,64.2,145.7,-82.1,-101.3,-106.1,17,4u7u
C,-57.6,-161,-162.9,89.3,-131.2,-18,-102.1,17,4u7u
C,-112.9,127.2,-132.5,126.3,-139.6,-159.1,-93.6,17,4u7u
U,83.7,-134.8,-167.3,79.1,-120.4,-106.3,-148.8,17,4u7u
G,-46.6,151.5,46,81.8,-133.1,-82.1,-113.9,17,4u7u
U,-81.8,-177.6,62.1,82.6,-136.8,-86.7,-155.7,17,4u7u
C,-66.8,174.7,62.9,144.5,-78.7,-99.9,-113.4,17,4u7u
G,-53.2,-164.2,-171.7,87.3,-133.4,-9.1,77.4,17,4u7u
G,-116,120.4,-131.8,140,-149.5,-136.9,-85.2,17,4u7u
U,-81.6,140.4,60.1,72.4,-155.8,-91.6,-144.3,17,4u7u
U,-67.3,171.4,58.3,86.8,-125.5,-82.2,-123,17,4u7u
G,-75.4,166.6,61.6,83.2,-133.3,-93.1,-153.4,17,4u7u
U,-68.6,174.5,63.2,143,-85.3,-97.4,-121.1,17,4u7u
A,-65.2,-158.4,-157.4,85.7,-143,-51.9,78.2,17,4u7u
A,120.5,-136.3,-63.1,132.2,-147.2,-145.2,-72.6,17,4u7u
U,-62.6,142.5,36.5,75.2,-166.2,-86.3,-122.6,17,4u7u
U,-68,176.2,53.4,83.7,-149.8,-69.2,-108.9,17,4u7u
G,-96.6,-166.8,69.1,87,-138.1,-94.5,-140.3,17,4u7u
A,-53.5,171.2,52.2,143.9,-91,-95.8,-91.1,17,4u7u
U,-60.4,-148.3,-159.6,82.2,-134.8,-60,-101.5,17,4u7u
A,113.7,-129,-60.6,130.2,-146.7,-133.6,-89.4,17,4u7u
A,-89.2,135.1,69.6,70.5,-153,-88.6,-157.6,17,4u7u
U,-68.4,176.1,58,84.3,-130.6,-77.6,-138.6,17,4u7u
G,-71.6,171.7,56.2,83.9,-138.9,-90.6,-143.6,17,4u7u
U,-72.5,178.2,64.4,144.5,-80.6,-126.8,-112.9,17,4u7u
U,36.6,160,136.2,81.6,-148.3,-1.3,-99.6,17,4u7u
G,-132,117.5,-117.1,135.9,-161.5,-126.2,-87.1,17,4u7u
A,-94.4,128.3,91.2,73.6,-144.3,-62.8,-169.7,17,4u7u
G,-70.9,165.3,67.9,82.9,-148,-63.8,-167.4,17,4u7u
A,-72.7,167.9,64.8,82.5,-129.9,-72.1,-167.5,17,4u7u
G,-48.6,171.6,159.3,89.9,-97,-109.5,66,17,4u7u
U,-35.3,-165.1,43.4,149.2,-77.8,154.3,48.2,17,4u7u
U,-98.5,130.4,-70.2,165.1,-105.1,152.4,-109.1,17,4u7u
C,-136,153.5,48.1,79.2,-159.2,-74.7,-167.4,17,4u7u
C,-69.3,-177.5,57.2,79.9,-153.9,-75.2,-163.8,17,4u7u
C,-62.4,-176.4,47.6,81.7,-151.4,-70.4,-164.1,17,4u7u
C,-68.6,174.4,56.9,82.2,-158.5,-77.1,-161.3,17,4u7u
G,-62,177.3,49.7,79.6,-141.6,-83.6,-171.2,17,4u7u
C,-40.4,158.3,48.1,78.7,-155.8,-64.4,-165.5,17,4u7u
G,169.6,-164,156.4,81.8,-116.3,-118.3,178.4,17,4u7u
C,-117.9,109,41.1,138.6,-108.3,-17.3,-127.7,17,4u7u
C,114.2,173.4,145.3,-127.9,162.6,69.5,-30.9,17,4u7u
A,-145.8,139.8,66.1,80.9,-137.6,-25.7,58.4,17,4u7u
G,-113.9,130,156.9,82.6,-159.1,-65.6,-165.2,17,4u7u
C,-73.9,-178.5,51.7,76.2,-154.3,-64.6,-162.4,17,4u7u
G,-79.5,170.4,70.5,77.5,-158.2,-75.6,-178.7,17,4u7u
G,-72.4,-178,59.6,80.2,-143.8,-69.8,-175.2,17,4u7u
G,-62.2,170.3,59,78.6,-159.7,-56,-172.4,17,4u7u
G,-168.5,168.9,158,82.4,---,---,-177.3,17,4u7u
G,---,---,51.2,78.6,-147.8,-72.6,-174.7,18,5de5
C,-56.7,172.4,59.8,77.6,-148.7,-67.5,-164.5,18,5de5
U,-66.2,168.9,61.5,75.9,-160,-78.6,-162.8,18,5de5
G,-62,176.1,57.7,80.9,-149.9,-65.8,-171.8,18,5de5
C,-64.2,-171.3,39.8,78.2,-149.2,-91.3,-157.8,18,5de5
G,147.3,170.2,-77.6,154.7,-81.8,94.3,-95.4,18,5de5
G,170,176.1,83.7,-124.6,-61.2,-63.3,152,18,5de5
U,-74.7,-160.9,46.2,82.6,-151.5,-81.4,-158.3,18,5de5
G,-57.3,167.4,71.9,145.7,-92.2,-122.5,-110.7,18,5de5
U,87.5,-176.3,56,143.9,-123.9,66.8,-139,18,5de5
G,69.6,144.6,62.6,84.8,-145.9,-66.7,-176.3,18,5de5
G,-63.6,-174,61.2,145.5,-85.2,89.7,-118.8,18,5de5
A,69.3,-179.9,57.5,145.8,-108.5,98.1,71.7,18,5de5
A,82.4,-76.3,-110.4,83,-144.8,73.5,50,18,5de5
G,149,146.7,164.7,82.4,-147.9,-80.9,-168.6,18,5de5
G,-57.2,179.5,59.6,150,-146.3,-93,-117.6,18,5de5
A,-69,-167.8,47.3,146,-46.3,98,-78.6,18,5de5
G,-171.8,92.3,179.2,137.5,-104.5,-177.9,-54.4,18,5de5
U,60.8,-176.1,53.4,148.5,-101.2,72.3,-135.7,18,5de5
G,61.9,165.1,52.7,98.4,-146.5,-92.9,-165.2,18,5de5
G,-40.4,172.1,43,146.7,-90,117.8,-113.7,18,5de5
C,-66.5,-158.6,124.6,129.4,-108.2,113.1,-153.7,18,5de5
U,64,-178.8,51.3,83.9,-178.7,-93.2,-163.7,18,5de5
G,-54.8,177.5,62.2,85.8,-126.3,-91.3,-161,18,5de5
G,-68.6,148.3,69.1,79.2,-129.5,40,-155.8,18,5de5
G,154.5,153.7,59.5,140.3,-97.8,155,-138.1,18,5de5
U,-41.3,122.6,159.5,148.2,14.1,-104.1,-132.1,18,5de5
U,43.9,-146.1,71.1,147,-159.9,121.9,-119.2,18,5de5
G,-64.8,146.3,39,84.2,-132.5,-60.5,175.9,18,5de5
C,-60.4,179.4,43,78.6,-150.9,-74.2,-168.9,18,5de5
G,-59.8,174.2,52.3,81.4,-145.7,-74.2,-165,18,5de5
C,-58.5,166.7,53.8,78,-144.5,-71.2,-159.1,18,5de5
A,-62.3,168.5,57.2,76.9,-155.8,-75.1,-168.3,18,5de5
G,-59.3,174.6,57.1,78.8,-152.8,-67.2,-168.2,18,5de5
C,-78.7,178.3,65.5,76.6,---,---,-159.9,18,5de5
A,---,---,167.5,150.2,-130.9,155.4,-100.3,19,5mga
A,-62.7,165,35.7,141,-110.1,-73.9,-125.1,19,5mga
U,-76.4,174.5,67.1,148.2,-93,-95.9,-131,19,5mga
U,139.7,-173.4,39.3,94,-120.4,-69.9,-177.1,19,5mga
U,-73.1,152.8,62.7,85.6,-144.9,-81.9,-165.7,19,5mga
C,-66.4,171,52.5,83.6,-137.3,-82.5,-164.2,19,5mga
U,-71.3,157.4,63.3,81.1,-141.1,-77.1,-164.8,19,5mga
A,-81.6,165.4,64.6,82.3,-127.8,-42.4,-165.7,19,5mga
C,-121.6,116.9,156.1,85,-122.7,-82.6,179.9,19,5mga
U,-80.4,168.2,66.8,90.3,-175,-150.8,-147.9,19,5mga
G,147.7,-125.6,78,87.1,-145.4,-67.4,-155.3,19,5mga
U,-65.2,171.4,70.1,115.2,-103.5,-96.9,-125.9,19,5mga
U,-178.2,-139.3,-126.4,140.9,-128.1,59,-137.2,19,5mga
G,122.9,-128.3,177.4,87.2,-155.4,-67.2,178.2,19,5mga
U,-80.3,-162.3,52.6,84.7,-145.5,-75.6,-162.6,19,5mga
A,-68.6,-178.5,44.8,86.6,-150.6,-72.9,-159.7,19,5mga
G,-73,165.9,57.6,78.5,-146.7,-72.6,-167.6,19,5mga
A,-72.7,166.2,73.5,82.5,-143.7,-61.9,-165.4,19,5mga
U,-64.9,-178.8,47.4,82.6,-119.9,-141.8,-155.7,19,5mga
G,60.9,-145.3,48.4,131.2,-93.3,144.5,-88.6,19,5mga
A,66.3,-134.7,-177.7,86.8,-138.2,-74.2,-164.4,19,5mga
G,-77.9,163.8,60.4,78,-146.6,-71.5,-164,19,5mga
A,-73.7,177.6,59.3,81.1,-140.6,-81.3,-160.6,19,5mga
A,-50,164.6,49.2,77.9,-145.5,-80.3,-159.3,19,5mga
G,-59.8,158.8,68.5,78.1,-153.4,-67.3,-164.9,19,5mga
U,-75.9,170.7,68.3,81.1,-159.2,-75.8,-157.7,19,5mga
C,-62.4,162.3,65.5,84.5,-153.7,-71.7,-163.1,19,5mga
A,-61.2,166.5,54.3,81,-145.4,-78.2,-163.3,19,5mga
U,-60.2,160.1,57.3,81.3,-153.8,-82.3,-165.7,19,5mga
U,-56.7,165.6,57.2,80.8,-142.7,-74.4,-166.2,19,5mga
U,-61.2,162.2,54.5,80.5,-144,-85.3,-162.7,19,5mga
A,-68.6,167.3,55.6,82.4,-147.3,-78.3,-161.3,19,5mga
A,-60.6,166.2,51.3,78.7,-141.5,-78.8,-163.6,19,5mga
U,-50.4,162.2,50.8,78,-141.9,-89.7,-163,19,5mga
A,-59.2,172,48.3,81.7,-149.2,-78.9,-159,19,5mga
A,-58.2,162.2,57.9,83.5,-148.5,-76.9,-164.3,19,5mga
G,104.7,-162.6,-131.8,89.5,-162.1,-77.5,-168.6,19,5mga
G,167.2,-155.1,152.5,88.5,-144.2,-95.8,177.3,19,5mga
C,-110.2,-157.4,74.8,80.4,-138.2,-40.8,-132.9,19,5mga
C,-124.2,98.3,175.8,78.2,---,---,-157.7,19,5mga
DG,169.1,-39.4,146.3,-173.8,-110.1,-63.7,27,19,5mga
DG,-57.2,100.6,171,125.2,-176.6,-106.3,-149.8,19,5mga
DC,-144.3,-157.1,97.1,82.6,-139.9,-73.3,-166.7,19,5mga
DC,-80.2,157.3,79.7,77.2,-157.5,-75.8,-174.5,19,5mga
DT,-57.7,-179.6,48.1,76.6,-147.8,-77.7,-165.5,19,5mga
DT,-60.5,175.6,45,72.7,-149.6,-86.8,-156.9,19,5mga
DA,110.3,-153.6,-138.1,102.4,-122,-78.2,-174.2,19,5mga
DT,-72,158.4,71.7,82.5,-147.9,-72.8,-167.2,19,5mga
DT,-72.2,171.2,54.5,75.4,-150.6,-73.9,-157.8,19,5mga
DA,-65.6,166.2,58.4,85.1,-149.8,-78.2,-161.3,19,5mga
DA,-72.8,168.6,55.7,81.4,-151.6,-68.5,-164.9,19,5mga
DA,-64.5,175.4,57.8,90.2,-166.6,-81.3,-164.4,19,5mga
DT,-56.6,179,62.2,139.3,-171.3,-94.6,-126.6,19,5mga
DG,-54,175.5,40.9,126.7,-157.9,-112.3,-123,19,5mga
DA,-50,157.2,38.7,121.9,-158.9,-138.8,-124.8,19,5mga
DC,-49.7,141.2,54.6,91.4,-162.8,-72.2,-164.6,19,5mga
DT,-94.1,-173,74.6,117.2,-179.2,-91.4,-129.8,19,5mga
DT,140.5,177.9,176.4,93.7,-136.1,-78.4,-162.4,19,5mga
DC,-63.3,167.4,48.3,86.9,-154.7,-74,-147.8,19,5mga
DT,-72.6,173.4,56.6,83.9,-145.4,-84.6,-150.5,19,5mga
DC,-56.5,157.2,56.8,88.8,-126.2,98,-151.9,19,5mga
DT,53.3,139.6,-168.7,149.4,-144.6,-158.6,-109.2,19,5mga
DA,-51.4,146.3,53.3,149,173.4,-92.4,-105.4,19,5mga
DA,-96.6,-172.5,78.8,140.3,-137.1,-169.8,-106.2,19,5mga
DC,-41.4,135.6,44.7,135.1,-152.9,-117.6,-118.6,19,5mga
DG,-16.7,165.5,1.8,152.1,---,---,-84.4,19,5mga
DC,---,---,-108.9,146.2,-131.5,-67.7,-164.5,19,5mga
DG,-78.1,175.4,43.6,146.6,-165,-132.2,-85.8,19,5mga
DT,43.4,-138.4,-82.6,170.1,-177.9,-94.3,-105.1,19,5mga
DT,-54,177.4,36.7,132.4,-134.7,-135.5,-97.8,19,5mga
DA,-41.9,131.3,34.9,86,-146.5,-69.2,-110.6,19,5mga
DG,-78.6,178.2,70.6,150.9,-140.6,137.3,-116.1,19,5mga
DA,120.8,148.6,-157.6,153.3,-145.4,-110.3,-117.9,19,5mga
DG,120.6,-140.6,177,93.6,-101.4,-37.2,-146.9,19,5mga
DA,-122.3,51.8,158.4,89.8,81.1,81.7,-106,19,5mga
DA,79.5,158,171.2,155,-134,-87.1,-94.3,19,5mga
DG,-80.1,146,78.1,96.4,-151.2,-101.5,-110,19,5mga
DT,171.5,-177.8,162.7,137.4,---,---,-135.5,19,5mga
C,---,---,130.9,85.3,-154.7,-53.6,-174.1,20,5o69
CBV,-102.8,-169.2,71.6,80.3,-144.8,-82.9,-166.4,20,5o69
G,-45.4,175,34.5,77,-153.1,-68.6,-159.7,20,5o69
G,-64.3,170,58.1,78.9,-129.4,-93.3,-165.8,20,5o69
A,-45.9,-161.9,44.2,84.4,-159.3,-101.6,-119.4,20,5o69
C,-51.5,148.9,66.8,153.5,-160.8,-179.7,-94.2,20,5o69
G,-47.1,142.7,38,79.6,-146.9,-57.1,-165.6,20,5o69
A,-77.8,172.6,63.6,76.3,-152.7,-69.8,-159.7,20,5o69
G,-59.9,171.2,53.7,77.8,-154.8,-70.6,-148.9,20,5o69
G,-62.4,171.5,53.8,78.5,-152.2,51.6,-142.5,20,5o69
U,168.2,148.6,45.8,149.1,-78.3,121,-130.9,20,5o69
G,152.6,-160.3,65,79.2,-157.5,-64.7,-163.2,20,5o69
C,-79.6,-178.4,66,79.6,-143.9,-70.2,-161.7,20,5o69
G,135.1,-167,-170.1,80.3,-149.2,-69.1,-174.4,20,5o69
C,-61,177.4,57.4,79.1,-144.6,-53.6,-164.6,20,5o69
C,-121.4,141.9,129.5,78.5,-138.4,-82.7,179.2,20,5o69
G,-57.5,172.1,50.1,79.5,-155.6,-65,-165.3,20,5o69
U,-65.2,173.5,59.3,77.9,-156.3,-72.9,-160.5,20,5o69
A,-56,163.3,60.4,80.4,-134.3,-45,-160.8,20,5o69
C,-77.5,176.2,58.4,80.1,-150.8,-59.8,-167.8,20,5o69
C,-71.6,178.3,56.8,79.9,-144.9,-83,-165.7,20,5o69
C,-51.1,163.7,50.7,78.9,-154.6,-48,-163.6,20,5o69
G,-134.8,142.5,136.5,86.2,-143,-75.8,177.1,20,5o69
G,-50.5,-175.8,55.4,149.2,-91.3,148.3,-131.3,20,5o69
U,-80.8,165,39.8,142.7,-88.6,71.6,-142.5,20,5o69
C,100.5,150.8,40.3,149.8,-80.5,-92.3,66,20,5o69
A,45.4,144,-18.7,90.3,-144.1,114.5,-137.4,20,5o69
G,60.6,141,-57,151.2,-128.6,-82.2,-101.1,20,5o69
G,86.3,-172.1,-64.8,138.7,-142,93.5,-109.9,20,5o69
A,-156.6,-162.5,51.7,83,-113.5,-70,170.6,20,5o69
C,-61.9,160.6,53.9,82,-118.6,-84.2,178.1,20,5o69
A,-39.8,156.1,47.2,74.1,-152.3,-68.6,-168,20,5o69
A,-65.6,176.5,51,79.2,-162.6,-61.1,-149.8,20,5o69
G,136.7,-165,-166.8,80.8,-110,173.8,-170.8,20,5o69
A,-36.4,113.2,56.5,132.9,-179.9,-113.6,-107.9,20,5o69
C,126.2,-166,179.5,79.1,-143.1,-73.7,-167.4,20,5o69
G,-52.8,167.2,47.8,77.2,-151.8,-77.7,-170.3,20,5o69
G,-66.3,170.8,62.2,77.7,-155.7,-68.8,-174.9,20,5o69
CBV,-79.6,-178.7,69.2,75.8,-149.6,-79.6,-172.9,20,5o69
G,-53.1,175.1,53.3,81.2,-142.5,-71.4,-166.5,20,5o69
C,-57.2,165.2,55.4,77.7,---,---,-165.5,20,5o69
G,---,124.5,27.4,84.4,-129.8,-86,180,21,6cf2
G,-54.9,163.2,50.7,82.8,-148.6,-62.6,-167.1,21,6cf2
C,-95.6,164.5,90.6,79.7,-152.4,-64.8,-173.3,21,6cf2
U,-66.6,177.6,60.9,80.6,-142.6,-83.9,-165,21,6cf2
G,-44.5,169,49.7,144.4,-129,178.6,-121.8,21,6cf2
G,-41.6,141.5,18.2,84.9,-162.1,-87.7,-147.3,21,6cf2
A,171.6,43.8,74.4,-166.8,-61.2,-105.5,30.3,21,6cf2
C,136.6,-156.2,-163.8,84.8,-133.5,-75.7,-179.5,21,6cf2
U,-49.7,173.1,33.9,79.2,-155.8,-77.2,-161.1,21,6cf2
C,141.8,-152.1,-167.5,79.7,-150.2,-64.7,179.4,21,6cf2
G,-74.7,-174.8,55.9,86.2,-134.2,-41.2,-167.7,21,6cf2
U,-124.8,102.3,158.4,86.6,-113.8,-36.8,173.4,21,6cf2
A,-140.1,112.8,134,85.6,-96.5,-91.7,173.3,21,6cf2
C,-74,137,75.4,78.9,-159.9,-70.5,-176.1,21,6cf2
U,161.1,-139.7,-172.6,147.9,-122.6,-26.7,-165.9,21,6cf2
U,-95.8,154.4,151.4,148.9,-132.7,44.5,46.9,21,6cf2
C,169.3,-127,129.2,146,-130.1,106.4,-158.9,21,6cf2
G,91.5,-152.8,147.5,86.5,164.7,34.5,-148,21,6cf2
G,-155.8,118.2,153.4,82.8,-145.5,-61.4,177.4,21,6cf2
U,156.6,-179.4,161.7,76,54,127.5,179.6,21,6cf2
A,15.9,-117.5,-167,81,-135.5,-64.2,178.9,21,6cf2
C,-61.4,-176.2,47.2,79.5,-147.9,-70.9,-157.1,21,6cf2
U,-62.9,-119.5,40.2,131.8,42.2,-68.3,-88.3,21,6cf2
G,-108.4,-115.9,-98.5,100.5,-111.3,109.4,-96.3,21,6cf2
G,33.8,92.9,145.6,81.9,-154.7,-66.4,-176.4,21,6cf2
A,-74.5,-166.7,46.8,78.8,-159.6,-78.3,-159.5,21,6cf2
G,-54.2,169.9,55,80.9,-147.9,31.8,-152.2,21,6cf2
A,168.4,170,41.2,147.2,-88.2,78.6,49.5,21,6cf2
A,65.7,154.8,56.4,149,-85.2,-34.1,-131,21,6cf2
A,-87.4,-164.6,76.1,83.9,-135.7,-63.1,-175.4,21,6cf2
C,-61.3,167.7,50,79.6,-144.2,-81.2,-166.4,21,6cf2
A,-50.9,159.6,53.6,81.5,-145.4,-53.5,-164.7,21,6cf2
G,-119,139.5,130.4,82.3,-134.1,-86.2,178.9,21,6cf2
C,-67,163.6,58.8,81.2,-150.2,-70.9,-166.4,21,6cf2
C,-63.8,-177.6,47.8,81.6,---,---,-151.9,21,6cf2
G,---,159.6,61.5,80.5,-138.8,-101.1,-173.5,22,6d12
G,-30.8,160.5,27.3,81.3,-140.9,-75,-174.4,22,6d12
G,-52.3,175.1,34,78.5,-136.3,-88.1,-171.8,22,6d12
C,-38.5,160,44.6,79.7,-146.6,-82,-166,22,6d12
U,-43.4,165.9,34.3,73.9,-144,-87.8,-162.7,22,6d12
G,-46.3,163.2,46.7,77.2,-144.2,-74.4,-157.9,22,6d12
C,-54.3,162.5,59.8,71.3,-136.7,-86.7,-167,22,6d12
A,-44.4,154.7,53.4,78.9,-133.5,-68.6,-172.2,22,6d12
U,-55.3,166.8,57.3,83.9,-152.8,-96,-161.6,22,6d12
G,-43.8,176,-175.8,85.2,-156.9,61.5,-165.3,22,6d12
U,94.6,171.7,141.8,86.1,-83,85.8,-97,22,6d12
G,79,-158.6,174,148.5,-108.3,63.4,-99.1,22,6d12
G,-136.9,104.8,170.7,80.2,-142.6,-77.2,-174.4,22,6d12
C,-58.4,175.1,53.7,77.8,-143.7,-74.8,-159,22,6d12
A,-57.7,168.6,51.2,77.5,-151.8,-88.5,-157.8,22,6d12
G,-48,158.2,51.2,82.1,-129.7,-46.3,-162.5,22,6d12
C,-120.6,101.7,146.9,86.3,-104.7,-87.6,176.5,22,6d12
U,-30.8,150.1,27.3,78.5,-149.5,-86.5,-152.9,22,6d12
C,-52.6,161.2,49.1,79,-134.5,-87.1,-157.7,22,6d12
G,-70.3,141.4,70.7,77.9,-169.5,-101.4,-173.1,22,6d12
G,-176.4,-136,142.8,77.5,-119.5,-117.2,175.9,22,6d12
G,-20.8,147.2,25.6,81.3,-137.5,-94.9,-178.6,22,6d12
C,-36.7,162.7,33,81,-137.8,-76.6,-168.9,22,6d12
U,-48,162.2,65.4,85.1,-153,-67.5,-163.9,22,6d12
G,-77.5,-178.3,46,80.5,-178.2,-78.6,-148.3,22,6d12
C,150.4,-154.6,175.6,79.6,-132.8,-69,-172.8,22,6d12
A,-84.9,155.8,89.8,80.5,-130.5,-70.2,-179.6,22,6d12
U,-61.3,167.4,56.1,81.9,-154.4,-87,-159.1,22,6d12
G,-49.3,-171.7,-175.9,85.4,-140.2,66.9,-162.1,22,6d12
U,-89.8,-150.4,-45.9,150,-120.6,64.3,-85.9,22,6d12
G,123.5,-178.6,169.2,137.7,-116.1,81.1,-106.4,22,6d12
G,-141.7,115.7,165.8,81.1,-141.6,-81.4,179.1,22,6d12
C,-54.7,175.4,45.6,82.1,-139.4,-86.2,-162.4,22,6d12
A,-49.4,153.9,56.3,83.2,-128.6,-96.8,-160.8,22,6d12
G,93.7,-135.1,-142,86.7,-121,-79.5,176.3,22,6d12
C,-75.5,154.9,74.8,85.7,163,39.9,-174.3,22,6d12
U,152.3,106.8,145.1,84.6,-149.3,-77.5,-162.3,22,6d12
C,104.2,-151.8,-136.8,81.2,---,---,-178.6,22,6d12
G,---,-173.7,54.7,80.6,-144.7,-69.6,-179.7,23,6d3p
G,-69.1,-178.3,54.8,81.5,-149.6,-73.1,-175,23,6d3p
G,-61.2,173.4,54.4,81.7,-139.5,-82.7,-170.9,23,6d3p
C,-54,162.6,50.4,80.2,-149.6,-72.2,-162.1,23,6d3p
G,-59.6,179.5,44.8,80.5,-136.6,-82,-158.5,23,6d3p
U,-45.2,175.8,48.2,141.4,-117.3,-69.8,-113.8,23,6d3p
A,-65.6,-135.5,157.6,150.3,-89,-73.5,-103.9,23,6d3p
A,-60.8,-147.5,82.2,80.8,-121.3,-61.8,-176.5,23,6d3p
C,-68.2,156.6,64.3,81.6,-140.2,-116.6,-167.1,23,6d3p
C,13.2,133.9,8.6,80.7,-152.9,-73.6,-161.8,23,6d3p
U,-64.8,173.8,53.1,79.8,-146.2,-74.9,-161.5,23,6d3p
C,-61.2,163.4,58.5,79.8,-154.3,-78.1,-162.2,23,6d3p
C,-58.8,168.4,57,80.3,-149.9,-76.4,-166.2,23,6d3p
A,-56.5,165.3,57.4,80.3,-138.8,-71.4,-173.8,23,6d3p
U,-53.9,-177.7,55.5,141.9,-86.9,-134.5,-124.8,23,6d3p
C,68.3,158.9,42.2,83.6,-131.4,-80.5,-172.4,23,6d3p
C,-52.9,172.6,49.6,79.9,-151.4,-77.5,-163.2,23,6d3p
G,-56,167.4,59.7,78.9,-152.7,-81.6,-165.9,23,6d3p
A,-55.4,166.3,49.6,79,-142.5,-81.7,-167.3,23,6d3p
G,-54.3,159.7,55.2,80.7,-153.1,-76,-173.4,23,6d3p
U,-59.9,-178.2,46.6,81.2,-133.6,-86.3,-159.2,23,6d3p
U,-45.9,166.2,36.5,81.5,-131.9,-77.2,-160.4,23,6d3p
G,-59.2,158.8,52.1,77.8,-140.7,-58.1,-154.7,23,6d3p
C,172.9,143.8,52.3,82.1,-136.2,-70.5,-161.3,23,6d3p
A,-59.9,164.4,55.9,82.6,-94.2,-113.3,-140.5,23,6d3p
A,-7.6,168.5,33.6,145.9,-77.2,-175.6,-72.3,23,6d3p
G,60.7,-165.7,79.2,149,-117.5,-94.5,-117,23,6d3p
A,-102.9,-99.6,142.3,-144.5,50,165.5,-28.3,23,6d3p
G,60.5,131.6,-24.1,84.7,-161.1,-66.3,-169.8,23,6d3p
A,-91.1,-167.8,64,82.1,-151.9,-71.4,-162.3,23,6d3p
G,-70.1,168.2,60.9,79.6,-149.7,-67.1,-168,23,6d3p
G,-66.3,170.9,60.3,78.7,-141.4,-65.2,-170.7,23,6d3p
G,-64.2,167.5,54.6,81.9,-170,-107.6,-167.9,23,6d3p
A,-52.2,176.5,46,81,-134.2,-85.7,-168.2,23,6d3p
A,-52.8,153.8,54.3,81.1,-133.5,-78.2,-163.6,23,6d3p
A,-53.9,158.3,49.7,79.8,-144.3,-84.1,-160.9,23,6d3p
C,-47.2,156.8,52.6,80.6,-157.9,-92,-153.9,23,6d3p
G,140,-138.1,-176.9,82.3,-118.7,-99.7,175.1,23,6d3p
C,-22.3,154.5,41.6,144.6,-106.6,-162.6,-132.6,23,6d3p
A,32.2,150.2,38.1,83.8,-139.2,-62.8,-177.1,23,6d3p
G,-71,175.5,50.7,84.8,-143.8,-81.9,-155.4,23,6d3p
U,-55.3,162.3,72.5,145.5,-125.7,63.3,-118.8,23,6d3p
C,62,-132.6,-100.7,82.1,-149,-73.4,-162.5,23,6d3p
U,-69.6,173.4,60.6,82.4,-163.7,-74.8,-161.3,23,6d3p
C,-178.7,-167.6,149.5,82.7,---,---,-160.4,23,6d3p
SAH,---,---,---,130.4,---,---,-109.4,24,6dcb
GTP,---,---,52.2,85.5,-146.7,-74.6,-175.6,24,6dcb
G,-64.5,-177.8,53.1,77.6,-147.9,-71.9,-166,24,6dcb
A,-61.7,172.1,54.5,77.4,-141.6,-75.9,-158.3,24,6dcb
U,-59.3,-134.1,36.9,143.8,-130.2,129,-78.9,24,6dcb
G,-59.4,137.9,36.8,79.7,-142.2,-77.6,-179.4,24,6dcb
U,-51.6,175.5,49.2,78.9,-146.3,-80.5,-166.2,24,6dcb
G,-51.4,169.2,49.4,78.5,-157.4,-74.9,-162.3,24,6dcb
A,-63.5,176,51.1,79.1,-149.8,-67,-158.1,24,6dcb
G,-69.8,170.7,60.7,77.6,-148,-70.8,-165.3,24,6dcb
G,-65.4,171,59.4,78.2,-151.8,-68.2,-164.5,24,6dcb
C,-69.5,166.5,70,77,-151.1,-60.8,-163.7,24,6dcb
U,-74.9,179.5,57.9,79.8,-157.1,-101.4,-157.2,24,6dcb
U,-134.5,136.8,42.7,143.3,-157.7,62.4,-62.2,24,6dcb
C,160.2,94.7,142.4,149.3,-93.7,111,-144.2,24,6dcb
G,65.5,-175.2,168,83.1,-144.8,-93.6,50.6,24,6dcb
G,130.6,-95.1,-174.8,82.7,-137,-81.6,-177.4,24,6dcb
C,-49.9,161.9,53.5,80.4,-143.8,-77.5,-165.8,24,6dcb
C,-55.3,177.1,44.6,79.4,-148.9,-81.1,-157.5,24,6dcb
U,-49,168.1,42.7,77.3,-143.8,-75.7,-160.6,24,6dcb
C,-58.3,159.8,59,78.1,-152.8,-70.2,-159.6,24,6dcb
A,-56,166.3,56.1,77.9,-155.9,-73.8,-163.6,24,6dcb
C,145.5,-161.1,-169.1,81.2,-130,-66.2,-176.3,24,6dcb
C,-54.4,169.9,39.5,80.6,-138.9,-91.7,-155.1,24,6dcb
G,116.6,-149,-155.3,85.4,-130.7,-70.3,-168,24,6dcb
C,-47,162.6,55,85.7,-109.6,121.6,-158.6,24,6dcb
U,-109.9,118.3,96.1,71.8,-157.3,-79.7,-165.3,24,6dcb
C,-60.9,170,54.3,79.6,-149.8,-68.3,-156.9,24,6dcb
C,-61.3,170.1,55.9,74.9,-151.5,-70.6,-161.9,24,6dcb
A,-64.5,174.8,58.4,81.1,-127.7,-72.5,-165.8,24,6dcb
U,-58.6,162.3,51.3,79.3,-161.9,-88.5,-157.1,24,6dcb
G,-60.1,-120.2,52.8,140.7,-98.2,174.7,-83.4,24,6dcb
U,76.5,-153.3,62.4,153.1,-85.1,-99.2,-135.9,24,6dcb
G,-69.9,-169.1,55,84,-146.8,-64.6,-177.2,24,6dcb
C,-60.8,-178.6,48.3,82.9,-144.4,-78.2,-159.9,24,6dcb
G,-50.9,-175.6,48.5,146.7,-103.9,111,-119.2,24,6dcb
A,-77.8,-174.2,46.3,145.1,---,---,-54.9,24,6dcb
U,---,115.2,171.1,84,-136.8,-70.5,67.2,25,6dtd
G,-71,-178.7,51.9,81.8,-155,-71.6,-164.1,25,6dtd
U,-60.7,168.6,54,80.4,-149.1,-62.9,-155,25,6dtd
U,-70.9,173.8,51.8,77,-149.4,-63.8,-155.5,25,6dtd
G,-64.7,171.9,54.1,77.6,-159.4,-79.7,-160.8,25,6dtd
C,-68.9,-173.8,51.2,80.3,-139,-63.6,-154.1,25,6dtd
A,133,-161.1,-161.1,79.7,-141.8,-76.8,-169.7,25,6dtd
U,-59.3,162.3,57.8,82.9,-118.2,-159.1,-158.7,25,6dtd
C,-122.7,114.3,51.1,83.2,-129.7,-54.9,76.7,25,6dtd
U,-67.4,-174.3,53.3,81.3,-147.1,-52,-167.2,25,6dtd
G,-73.9,-174.5,55.1,79.8,-131.9,-75.2,-170.8,25,6dtd
C,-59.2,161.7,52,81.2,-148.7,-75.7,-159.6,25,6dtd
C,-62.1,172,53.3,80.5,-157.5,-74.9,-158.3,25,6dtd
U,147,-174.2,-174.7,87.4,-137.3,-67.4,-166.7,25,6dtd
U,-67.1,172.7,52.6,76.7,-146.4,-63.2,-161.8,25,6dtd
C,-63.6,167.6,55.2,79.8,-151,-61.2,-162.5,25,6dtd
U,-70.7,171.8,58.7,82.2,-88.7,-132.8,-159.5,25,6dtd
U,89.1,99.5,174,80.4,-170.5,57.5,-132.5,25,6dtd
U,76.4,140.2,49.5,143.7,-117.4,82.7,-97.7,25,6dtd
U,59.8,-157.5,175,78.2,-150.6,-168.7,-106.6,25,6dtd
U,63.6,166.9,45.7,150.6,-94.6,75.6,-83.7,25,6dtd
G,76.4,-178.8,179.5,149.7,-116.9,168.8,-111.3,25,6dtd
A,73.1,178.9,-165.4,82.1,-117,-53.9,-156.8,25,6dtd
A,-63.6,167,57.3,74.5,-149.8,-76.4,-161.4,25,6dtd
A,-69.2,178.4,53.8,74.6,-148.7,-76.1,-164.3,25,6dtd
G,-66.2,164.1,64.9,73.7,-148.9,-75.2,-170.6,25,6dtd
G,-61.8,161.3,66.6,81.5,-148.5,-71.3,-169.9,25,6dtd
U,-57.7,170.8,57.2,85,-138.7,-83.4,-146.3,25,6dtd
A,-64.1,169.3,54.4,149.6,-79.2,86.8,-106.7,25,6dtd
A,55.7,169.5,-176,90,-155,55.8,178,25,6dtd
A,-162.4,-140.9,50.8,127.2,-102.5,163.4,-85.4,25,6dtd
A,58.9,-144.3,177.6,86.3,-148.9,-64.4,-162.7,25,6dtd
A,-66.4,177.7,57.4,78.6,-145.8,-70.1,-155.2,25,6dtd
C,-60.3,170.2,54.2,82.3,-136.1,-78.2,-153.6,25,6dtd
A,-66.9,167.7,53.3,74.9,-159.4,-72.2,-159.2,25,6dtd
A,-64,178.6,53.1,80.9,-144.8,-64.3,-150.3,25,6dtd
C,-68.3,179,51.3,78,---,---,-153.3,25,6dtd
C,---,---,-78.1,89.5,-174.6,-70.4,-156.5,26,6qn3
G,157.1,177.2,161.1,79.9,-136.6,-75.5,-170.9,26,6qn3
U,-51.7,174.8,45.1,80.9,-147.8,-71.4,-157.2,26,6qn3
U,-65.1,177.9,43.5,80.3,-168.9,-74,-148.6,26,6qn3
C,140.4,-148.2,-174.9,76.5,-141.8,-63.2,-173.8,26,6qn3
A,-68.6,177,49.6,79,-140.3,-69.8,-178.2,26,6qn3
C,-57,164.6,61.4,80.6,-149.2,-72.9,-176.7,26,6qn3
C,-95.1,167.7,85.7,77.7,-143.6,-78.4,-173.9,26,6qn3
C,-65.9,173.9,58.5,78.9,-139.9,-82,-169,26,6qn3
U,-37,161.6,45.8,81.8,-167.2,-105.6,-156.6,26,6qn3
U,-166.1,165.9,55.5,144.7,-96.6,-60.9,-89.5,26,6qn3
C,-82.4,-160.6,60.8,148.7,-108.5,112.3,-133.9,26,6qn3
G,20.2,-146,-166.8,88.2,-118.1,-73.5,64,26,6qn3
G,-40.7,128.2,91.3,76.8,-171,-75.7,-166.5,26,6qn3
G,137.7,-163,-166.5,86,-118.7,-79.7,176.7,26,6qn3
G,-42.8,166.2,41.5,78.9,-138.9,-75.7,-167.8,26,6qn3
C,-55.9,163.9,50.4,79.1,-120.8,-167.9,-166.6,26,6qn3
G,-55.2,170.5,50.4,76.6,-120.5,-89,79.8,26,6qn3
C,-89.5,60.3,-179.2,145.4,-119.6,84.8,64.2,26,6qn3
A,116.1,-121.1,151.5,152.8,-104.6,-49.3,-127.7,26,6qn3
U,-57.7,-133,73.9,148.2,-93.6,73.2,-161.6,26,6qn3
G,82.5,176,63.1,145.5,-94.3,-56,-124.3,26,6qn3
A,175.6,102,66.4,-129.4,-63.1,-66.4,4,26,6qn3
A,167.5,69.2,74.2,-150.2,-48.7,-101.6,8.1,26,6qn3
A,-79.7,-171.1,47.8,81.5,-132.8,-95.8,-159.6,26,6qn3
U,-34,145.2,38.7,81.1,-133.9,-90.9,-156.4,26,6qn3
G,-33.5,152.8,28.1,70.9,-138,-97.2,-169.4,26,6qn3
G,-44.6,150.1,56.4,75.2,-125,-93.4,176.8,26,6qn3
G,-42.5,163.5,45.5,75.7,-174.1,-78.1,-172.4,26,6qn3
A,-159.9,-155.6,134.6,84.8,-154.9,-70.9,-179.5,26,6qn3
G,-112.3,-164.6,87.1,78,-134.1,-77.5,-171.5,26,6qn3
U,-40.5,158.3,50.1,77.9,-121,-88.3,-161,26,6qn3
A,-42.2,178.3,28.8,128,51.8,141.5,-100.7,26,6qn3
G,176.7,135.9,73.7,-144.5,-50.5,-94,13.3,26,6qn3
G,-80.9,165.3,177.2,90.6,-151.9,55.6,58.2,26,6qn3
G,139.7,126.6,73.4,77.3,-167.7,-61.7,-177.6,26,6qn3
A,-88.8,-156.9,58.3,80.4,-142.1,-78.4,-153.1,26,6qn3
A,-60.8,159.2,59,76.3,-152.9,-72.1,-155.6,26,6qn3
C,-67.2,166.2,56.9,77.3,-143.8,-72.6,-160.4,26,6qn3
G,-63.4,160.8,61.9,72.6,-140.5,-72.7,-172.3,26,6qn3
G,-58.9,169.2,57.6,77.3,-149.7,-61.1,-171.9,26,6qn3
G,-66.6,175.6,58.3,78.4,-147.2,-65.5,-171.7,26,6qn3
A,-60.9,177.6,51.3,77.7,-136.9,-76.1,-162.5,26,6qn3
U,-66.5,161.3,61.9,81.8,-133.7,-91.3,-155.9,26,6qn3
U,-63.3,155.6,55.3,79.2,-146.2,-80.2,-158.9,26,6qn3
C,-56,160.5,56.7,75.9,-145.6,-63.2,-171.4,26,6qn3
U,-64.9,173.9,57.8,77.2,-171,-76.5,-168.1,26,6qn3
C,-163.4,-158.2,135.1,77.8,-149.7,-61.6,-175.6,26,6qn3
A,-73.2,-166.8,44.6,78.1,-156.7,-73.7,-147.1,26,6qn3
U,-60.1,171.4,47.6,80.1,---,---,-150.5,26,6qn3
C,---,---,68.3,77.4,-171.9,-76.1,-158.9,26,6qn3
G,-89.3,-176.5,63.2,72.2,-170.2,-65.5,-156.2,26,6qn3
U,-68.4,-178.3,55.3,80,-151,-73,-159.1,26,6qn3
U,-59.3,171.6,48.2,79.1,-148.8,-83.8,-159.1,26,6qn3
C,123.1,-147.2,-160.5,79.2,-128.5,-70.1,-178.4,26,6qn3
A,-61.5,163.8,58.2,80.9,-134.4,-73.3,-176.1,26,6qn3
C,-73.6,158.3,77.1,79.4,-136.7,-81.6,-175.3,26,6qn3
C,-58.2,170.3,47.1,77.5,-154.8,-79.5,-165.4,26,6qn3
C,-52.3,175.3,45.9,82.1,-158.8,-47,-164.9,26,6qn3
U,-84.8,-174.7,67,80.2,-153.4,-97,-159.8,26,6qn3
U,-145.9,142.8,43.4,146.9,-90,-67,-107.1,26,6qn3
C,-89.7,178.4,73.5,147.7,-88.9,78.8,-136,26,6qn3
G,90.5,177.8,152,85.9,-122.7,-52.2,62.2,26,6qn3
G,-75.9,142.5,110.2,81.1,-146.2,-74.1,-168.5,26,6qn3
G,-50.7,170.4,48.1,79.4,-149.5,-73.1,-166.3,26,6qn3
G,-49.8,166.6,54.2,80.3,-142.1,-72.1,-166.6,26,6qn3
C,-51.9,168.5,38.7,84.1,-114.5,-177,-156.6,26,6qn3
G,120.9,-176.6,-156.4,89.5,-97.5,-91.5,66.2,26,6qn3
C,-95.2,69.3,165.1,116.4,44.8,-112.7,57.9,26,6qn3
A,62.6,98.1,43.3,133.5,-100,-101.2,-112.7,26,6qn3
U,47.2,-172.7,29.1,121.7,44.5,-64.9,55.6,26,6qn3
G,160.5,159.9,39.2,148.9,-72.2,-66.4,68.8,26,6qn3
A,-69.1,171.3,69.8,78.3,-124.4,-77.3,-178.2,26,6qn3
A,-42,172.8,41.9,78.7,-143.7,-65.3,-164.5,26,6qn3
A,-62.2,169.3,57.5,79.9,-145.9,-77.2,-163.1,26,6qn3
U,-41.1,169,29.8,76.6,-167.9,-71.5,-157.3,26,6qn3
G,167.5,-171,159.3,82.8,-122.3,-81.9,-177.7,26,6qn3
G,-45.7,166.1,41.5,77.3,-144.2,-80,-174.8,26,6qn3
G,-47.9,164.6,43.1,79.4,-154.7,-70.9,-168.4,26,6qn3
A,-64.9,169.9,58.3,78.5,-150.1,-75.1,-168.7,26,6qn3
G,-50.2,171.1,49.1,76.8,-143,-65,-164.3,26,6qn3
U,-59,172.1,52.4,81.4,-137.5,-70.1,-147.6,26,6qn3
A,-64.1,169.4,55.1,86.9,-107.7,-100.6,-141.7,26,6qn3
G,-28.6,-145.9,-148.5,88.5,-142.8,-76.3,-165.3,26,6qn3
G,-52.3,152.1,169.5,88,-148.7,64.4,52.6,26,6qn3
G,155.6,119.8,57.3,76.5,-171,-60.6,-173.6,26,6qn3
A,-82.4,-156,49.8,78.5,-153.6,-74.9,-152.9,26,6qn3
A,-59.6,158.8,55.2,76.6,-151.2,-77.3,-158.5,26,6qn3
C,-63.2,160.6,55.6,76.4,-138.3,-71,-165.4,26,6qn3
G,-62,162.6,58.5,71.7,-146.7,-63.7,-166.9,26,6qn3
G,-68.8,173.4,66.5,78.8,-144.4,-71.6,-178.5,26,6qn3
G,-65.1,166.9,59.1,78.3,-147.2,-70,-177.6,26,6qn3
A,-52,178,46.4,78.2,-147.9,-69.3,-164,26,6qn3
U,-72.2,167.6,58.4,77.9,-129,-95.7,-161.8,26,6qn3
U,-61.1,147.8,61.7,78.6,-148.8,-71.5,-170.6,26,6qn3
C,-61.8,171.9,51.3,80.4,-152.4,-61.5,-165.8,26,6qn3
U,-74.2,172,60.8,77,-141,-90.4,-161.5,26,6qn3
C,-45,165.8,40.8,77.1,-157.8,-64.6,-156.3,26,6qn3
A,-63.5,177.1,50.9,82.3,-147.5,-73.3,-161.7,26,6qn3
U,-58.2,174,43,79,---,---,-148.9,26,6qn3
G,---,---,---,83.8,-128.7,-80,178.8,27,6r47
G,-50.2,158,52,78.6,-136.5,-81.8,-166.4,27,6r47
C,-67.1,151.5,65.4,77,-138.7,-85.8,-164.8,27,6r47
C,-42.1,165.3,42.1,77.6,-152.3,-71.7,-162.6,27,6r47
G,-66.8,-170,43.4,79,-160.7,76.8,-144.9,27,6r47
U,62.1,132.8,46,80.8,-141.7,-79.8,-171,27,6r47
U,-64.5,175.7,53.9,80.9,-128.5,-85.1,-164.7,27,6r47
C,-61.6,171,41.9,81.3,-143.9,-74.3,-158.3,27,6r47
G,-49.6,178.5,28.8,81.7,-164.2,-79.6,-155.1,27,6r47
G,159,-153.6,162.4,78,-126.3,-81.4,178.7,27,6r47
G,-44,167.7,44.8,78.4,-149.1,-70.3,-166.9,27,6r47
C,-64.9,173,51.9,79.4,-145.1,-71.4,-166.2,27,6r47
G,-62.5,169.8,60.2,75.3,-148.8,-80.9,-169.2,27,6r47
G,-48.2,162.5,53.8,77.8,-136.2,-88.6,-169.3,27,6r47
C,-64.8,147.2,75.9,81.9,-151,-72.7,-170.3,27,6r47
C,-58.6,-172.6,61.7,148.8,-135.2,136.6,-126.1,27,6r47
A,-61.2,137.4,49,152.4,-99.4,109.9,-114.7,27,6r47
U,49.1,-138.7,-168,84,-144,-80.6,-100,27,6r47
A,-50.1,173.7,38.6,144.5,-80.3,99.7,-61.3,27,6r47
A,72.1,-139.9,-168.8,82.7,-133.6,-76.7,-170.8,27,6r47
A,-55.2,172.8,40.7,84.7,-169.9,-120.7,-146.1,27,6r47
C,-175.1,-167.9,68.2,147,-133.9,-60.5,-108.2,27,6r47
A,-100,-155.4,61.8,85.2,-131.4,-82.4,-175.3,27,6r47
G,-44.8,158,41,79.4,-155.2,76,-142.9,27,6r47
C,57.5,133.9,45.9,80.6,-133.9,-85.3,179.6,27,6r47
C,-65.2,160.8,57.4,80,-130.1,-85,-171.5,27,6r47
C,-62.4,149.2,64.7,78.9,-137.2,-77.9,-172.1,27,6r47
U,-50.8,160.6,53.5,81.9,-149.1,-75.4,-169.2,27,6r47
C,-60.8,-177.3,46.4,82.4,-141.6,-70.3,-161.1,27,6r47
A,157.1,164.2,64.5,79.3,-114.4,-77.5,-174,27,6r47
G,-58,156.2,65.6,75.8,-124,156.8,-156,27,6r47
A,-71.9,128.8,54.3,82.3,-156.3,62.2,-140.6,27,6r47
C,67.3,133,58.6,78.8,-151.3,-74.4,-151.4,27,6r47
C,-66.2,-178.1,53.5,79.9,-147.2,-76.4,-170,27,6r47
CBV,-79.3,-174.9,59.6,84.2,-152.1,-70.7,-152.6,27,6r47
G,-77.8,-178.1,53.5,81.2,-147.4,-67.1,-162,27,6r47
A,-78,171.8,63.4,79,-151.6,-56.8,-163.5,27,6r47
A,-102.7,161,109.4,80.1,-117.2,-74.2,-173.8,27,6r47
G,-39.7,154.9,54.7,147.4,-98.9,146.3,-115.8,27,6r47
C,-122,169.4,30.8,83.7,-140.2,-65.7,-177.1,27,6r47
G,-66.4,170.4,56.3,78.3,-143.6,-64.1,-167.3,27,6r47
U,-65.8,166.8,56.1,78,-125.4,-74.6,-168,27,6r47
G,-75,166.8,73.6,71.1,-144,-84.6,-173.3,27,6r47
G,-44.6,162.8,54.3,74.3,-145.5,-80.4,-169.6,27,6r47
C,-50.8,171.4,46.4,79.7,-158.6,-73.9,-157.5,27,6r47
G,118.1,-166.8,-146.9,89,-139.6,-68,-175.8,27,6r47
U,-61.4,174.3,50.2,81.8,-142.2,-77.4,-164.4,27,6r47
U,-61.6,160.7,61,80,-154.8,-81.4,-168.7,27,6r47
C,137.6,-154.7,-170.2,80.6,-142.3,-74.9,-169.4,27,6r47
C,-66.7,179.2,54.5,79.7,---,---,-149.6,27,6r47
G,---,---,27.4,78.9,-140.6,-80.2,-169.5,27,6r47
G,-51,162.8,56.4,79.3,-145.8,-81.5,-174.1,27,6r47
A,-55.3,171,52.4,80.4,-145.3,-85.9,-159.9,27,6r47
A,-45.3,160.4,42.9,80.4,-151.4,-72,-152.8,27,6r47
C,-64.1,174.6,51.4,80.1,-156.4,-66.8,-152.7,27,6r47
G,-76.9,-177.1,60.7,77.4,-148.9,-71.6,-166.4,27,6r47
C,-70.2,167.8,66.2,81.8,-155.5,-72.6,-157.3,27,6r47
C,-62.7,178.7,55.8,81.1,-142.9,-75.9,-158.8,27,6r47
G,-51.8,165.4,47.4,79.1,-172.4,-95.8,-154.7,27,6r47
G,156.2,-103.1,165.9,96,169.8,151.8,-174.3,27,6r47
U,96.2,-96.8,-62.4,91.7,-165.7,-85.2,-170.8,27,6r47
G,161.3,-133.2,154,77.4,-135.6,-81.8,-174.6,27,6r47
G,-58.3,167.8,49.9,73.9,-147.1,-79.9,-163.4,27,6r47
G,-49.1,160,53.5,76,-146.8,-81.7,-165.3,27,6r47
A,-71.9,172.3,74.4,83.1,---,---,-165.8,27,6r47
